<?xml version='1.0' encoding='UTF-8' standalone='yes' ?>
<gpx version="1.1" creator="OsmAnd 5.0.5" xmlns="http://www.topografix.com/GPX/1/1" xmlns:osmand="https://osmand.net/docs/technical/osmand-file-formats/osmand-gpx" xmlns:gpxtpx="https://www8.garmin.com/xmlschemas/TrackPointExtensionv1.xsd" xmlns:xsi="http://www.w3.org/2001/XMLSchema-instance" xsi:schemaLocation="http://www.topografix.com/GPX/1/1 https://www.topografix.com/GPX/1/1/gpx.xsd">
  <metadata>
    <name>2026-02-14_14-43_Sat</name>
  </metadata>
  <trk>
    <trkseg>
      <trkpt lat="55.6800174" lon="12.5849465">
        <ele>42.1</ele>
        <time>2026-02-14T13:43:47Z</time>
        <hdop>10.5</hdop>
        <extensions>
          <osmand:provider>fused</osmand:provider>
          <osmand:speed>0.4</osmand:speed>
        </extensions>
      </trkpt>
      <trkpt lat="55.6800502" lon="12.58512">
        <ele>42</ele>
        <time>2026-02-14T13:43:52Z</time>
        <hdop>11.5</hdop>
        <extensions>
          <osmand:provider>fused</osmand:provider>
          <osmand:speed>0.8</osmand:speed>
        </extensions>
      </trkpt>
      <trkpt lat="55.6800877" lon="12.5851162">
        <ele>42</ele>
        <time>2026-02-14T13:43:58Z</time>
        <hdop>4.3</hdop>
        <extensions>
          <osmand:provider>fused</osmand:provider>
          <osmand:speed>0.7</osmand:speed>
        </extensions>
      </trkpt>
      <trkpt lat="55.6801227" lon="12.5850837">
        <ele>42</ele>
        <time>2026-02-14T13:44:03Z</time>
        <hdop>3.8</hdop>
        <extensions>
          <osmand:provider>fused</osmand:provider>
          <osmand:speed>0.9</osmand:speed>
        </extensions>
      </trkpt>
      <trkpt lat="55.6801199" lon="12.5850499">
        <ele>42</ele>
        <time>2026-02-14T13:44:09Z</time>
        <hdop>4.9</hdop>
        <extensions>
          <osmand:provider>fused</osmand:provider>
          <osmand:speed>1</osmand:speed>
        </extensions>
      </trkpt>
      <trkpt lat="55.6800366" lon="12.5851269">
        <ele>42</ele>
        <time>2026-02-14T13:44:14Z</time>
        <hdop>5.4</hdop>
        <extensions>
          <osmand:provider>fused</osmand:provider>
          <osmand:speed>1</osmand:speed>
        </extensions>
      </trkpt>
      <trkpt lat="55.6799882" lon="12.5851465">
        <ele>42</ele>
        <time>2026-02-14T13:44:20Z</time>
        <hdop>3.7</hdop>
        <extensions>
          <osmand:provider>fused</osmand:provider>
          <osmand:speed>0.9</osmand:speed>
        </extensions>
      </trkpt>
      <trkpt lat="55.6799516" lon="12.5851769">
        <ele>41.8</ele>
        <time>2026-02-14T13:44:25Z</time>
        <hdop>4.1</hdop>
        <extensions>
          <osmand:provider>fused</osmand:provider>
          <osmand:speed>0.6</osmand:speed>
        </extensions>
      </trkpt>
      <trkpt lat="55.6799237" lon="12.5851847">
        <ele>42.1</ele>
        <time>2026-02-14T13:44:30Z</time>
        <hdop>6.4</hdop>
        <extensions>
          <osmand:provider>fused</osmand:provider>
          <osmand:speed>1</osmand:speed>
        </extensions>
      </trkpt>
      <trkpt lat="55.6798533" lon="12.5852169">
        <ele>41.8</ele>
        <time>2026-02-14T13:44:35Z</time>
        <hdop>5.2</hdop>
        <extensions>
          <osmand:provider>fused</osmand:provider>
          <osmand:speed>0.8</osmand:speed>
        </extensions>
      </trkpt>
      <trkpt lat="55.6798065" lon="12.58519">
        <ele>41.8</ele>
        <time>2026-02-14T13:44:40Z</time>
        <hdop>5.1</hdop>
        <extensions>
          <osmand:provider>fused</osmand:provider>
          <osmand:speed>0.9</osmand:speed>
        </extensions>
      </trkpt>
      <trkpt lat="55.6797839" lon="12.5851805">
        <ele>41.8</ele>
        <time>2026-02-14T13:45:07Z</time>
        <hdop>3.8</hdop>
        <extensions>
          <osmand:provider>fused</osmand:provider>
          <osmand:speed>0.3</osmand:speed>
        </extensions>
      </trkpt>
      <trkpt lat="55.6797986" lon="12.5852279">
        <ele>42</ele>
        <time>2026-02-14T13:45:29Z</time>
        <hdop>3.7</hdop>
        <extensions>
          <osmand:provider>fused</osmand:provider>
          <osmand:speed>0.3</osmand:speed>
        </extensions>
      </trkpt>
      <trkpt lat="55.679786" lon="12.5853848">
        <ele>41.8</ele>
        <time>2026-02-14T13:45:34Z</time>
        <hdop>3.6</hdop>
        <extensions>
          <osmand:provider>fused</osmand:provider>
          <osmand:speed>1.5</osmand:speed>
        </extensions>
      </trkpt>
      <trkpt lat="55.6797866" lon="12.5855217">
        <ele>42</ele>
        <time>2026-02-14T13:45:39Z</time>
        <hdop>4.3</hdop>
        <extensions>
          <osmand:provider>fused</osmand:provider>
          <osmand:speed>1.2</osmand:speed>
        </extensions>
      </trkpt>
      <trkpt lat="55.6798277" lon="12.5856376">
        <ele>42</ele>
        <time>2026-02-14T13:45:45Z</time>
        <hdop>5.4</hdop>
        <extensions>
          <osmand:provider>fused</osmand:provider>
          <osmand:speed>1.2</osmand:speed>
        </extensions>
      </trkpt>
      <trkpt lat="55.6798471" lon="12.5857233">
        <ele>41.9</ele>
        <time>2026-02-14T13:45:51Z</time>
        <hdop>4.1</hdop>
        <extensions>
          <osmand:provider>fused</osmand:provider>
          <osmand:speed>1.1</osmand:speed>
        </extensions>
      </trkpt>
      <trkpt lat="55.6798594" lon="12.5857944">
        <ele>41.9</ele>
        <time>2026-02-14T13:45:56Z</time>
        <hdop>4.1</hdop>
        <extensions>
          <osmand:provider>fused</osmand:provider>
          <osmand:speed>1</osmand:speed>
        </extensions>
      </trkpt>
      <trkpt lat="55.6798813" lon="12.5858746">
        <ele>42</ele>
        <time>2026-02-14T13:46:01Z</time>
        <hdop>4</hdop>
        <extensions>
          <osmand:provider>fused</osmand:provider>
          <osmand:speed>1</osmand:speed>
        </extensions>
      </trkpt>
      <trkpt lat="55.6799009" lon="12.5859803">
        <ele>42.1</ele>
        <time>2026-02-14T13:46:07Z</time>
        <hdop>4.2</hdop>
        <extensions>
          <osmand:provider>fused</osmand:provider>
          <osmand:speed>1.1</osmand:speed>
        </extensions>
      </trkpt>
      <trkpt lat="55.6799183" lon="12.5860549">
        <ele>42</ele>
        <time>2026-02-14T13:46:12Z</time>
        <hdop>3.5</hdop>
        <extensions>
          <osmand:provider>fused</osmand:provider>
          <osmand:speed>1.1</osmand:speed>
        </extensions>
      </trkpt>
      <trkpt lat="55.6799418" lon="12.5861597">
        <ele>42</ele>
        <time>2026-02-14T13:46:17Z</time>
        <hdop>3.4</hdop>
        <extensions>
          <osmand:provider>fused</osmand:provider>
          <osmand:speed>1.1</osmand:speed>
        </extensions>
      </trkpt>
      <trkpt lat="55.6799569" lon="12.5862335">
        <ele>41.8</ele>
        <time>2026-02-14T13:46:22Z</time>
        <hdop>3.6</hdop>
        <extensions>
          <osmand:provider>fused</osmand:provider>
          <osmand:speed>1.1</osmand:speed>
        </extensions>
      </trkpt>
      <trkpt lat="55.6799736" lon="12.5863187">
        <ele>41.8</ele>
        <time>2026-02-14T13:46:28Z</time>
        <hdop>4.1</hdop>
        <extensions>
          <osmand:provider>fused</osmand:provider>
          <osmand:speed>1.1</osmand:speed>
        </extensions>
      </trkpt>
      <trkpt lat="55.6799966" lon="12.5864314">
        <ele>41.8</ele>
        <time>2026-02-14T13:46:33Z</time>
        <hdop>4.8</hdop>
        <extensions>
          <osmand:provider>fused</osmand:provider>
          <osmand:speed>1.2</osmand:speed>
        </extensions>
      </trkpt>
      <trkpt lat="55.68005" lon="12.5864986">
        <ele>41.9</ele>
        <time>2026-02-14T13:46:38Z</time>
        <hdop>3.8</hdop>
        <extensions>
          <osmand:provider>fused</osmand:provider>
          <osmand:speed>1.2</osmand:speed>
        </extensions>
      </trkpt>
      <trkpt lat="55.680121" lon="12.5865553">
        <ele>41.9</ele>
        <time>2026-02-14T13:46:44Z</time>
        <hdop>3.6</hdop>
        <extensions>
          <osmand:provider>fused</osmand:provider>
          <osmand:speed>1.2</osmand:speed>
        </extensions>
      </trkpt>
      <trkpt lat="55.680179" lon="12.586603">
        <ele>41.9</ele>
        <time>2026-02-14T13:46:49Z</time>
        <hdop>3.7</hdop>
        <extensions>
          <osmand:provider>fused</osmand:provider>
          <osmand:speed>1.2</osmand:speed>
        </extensions>
      </trkpt>
      <trkpt lat="55.6801881" lon="12.5866538">
        <ele>42.2</ele>
        <time>2026-02-14T13:46:54Z</time>
        <hdop>4.1</hdop>
        <extensions>
          <osmand:provider>fused</osmand:provider>
          <osmand:speed>1.1</osmand:speed>
        </extensions>
      </trkpt>
      <trkpt lat="55.6802576" lon="12.5866989">
        <ele>42.1</ele>
        <time>2026-02-14T13:46:59Z</time>
        <hdop>4.2</hdop>
        <extensions>
          <osmand:provider>fused</osmand:provider>
          <osmand:speed>1.2</osmand:speed>
        </extensions>
      </trkpt>
      <trkpt lat="55.6803327" lon="12.58675">
        <ele>42.1</ele>
        <time>2026-02-14T13:47:05Z</time>
        <hdop>3.6</hdop>
        <extensions>
          <osmand:provider>fused</osmand:provider>
          <osmand:speed>1.2</osmand:speed>
        </extensions>
      </trkpt>
      <trkpt lat="55.6803955" lon="12.586812">
        <ele>42.1</ele>
        <time>2026-02-14T13:47:10Z</time>
        <hdop>3.9</hdop>
        <extensions>
          <osmand:provider>fused</osmand:provider>
          <osmand:speed>1.2</osmand:speed>
        </extensions>
      </trkpt>
      <trkpt lat="55.6804531" lon="12.5868706">
        <ele>42.1</ele>
        <time>2026-02-14T13:47:15Z</time>
        <hdop>3.8</hdop>
        <extensions>
          <osmand:provider>fused</osmand:provider>
          <osmand:speed>1.2</osmand:speed>
        </extensions>
      </trkpt>
      <trkpt lat="55.680494" lon="12.5869361">
        <ele>42.1</ele>
        <time>2026-02-14T13:47:21Z</time>
        <hdop>3.8</hdop>
        <extensions>
          <osmand:provider>fused</osmand:provider>
          <osmand:speed>1.2</osmand:speed>
        </extensions>
      </trkpt>
      <trkpt lat="55.6804832" lon="12.5870436">
        <ele>42.1</ele>
        <time>2026-02-14T13:47:26Z</time>
        <hdop>4.1</hdop>
        <extensions>
          <osmand:provider>fused</osmand:provider>
          <osmand:speed>1.2</osmand:speed>
        </extensions>
      </trkpt>
      <trkpt lat="55.6805186" lon="12.5871201">
        <ele>42.1</ele>
        <time>2026-02-14T13:47:31Z</time>
        <hdop>4.7</hdop>
        <extensions>
          <osmand:provider>fused</osmand:provider>
          <osmand:speed>1.2</osmand:speed>
        </extensions>
      </trkpt>
      <trkpt lat="55.6805629" lon="12.5871923">
        <ele>42.3</ele>
        <time>2026-02-14T13:47:36Z</time>
        <hdop>5.1</hdop>
        <extensions>
          <osmand:provider>fused</osmand:provider>
          <osmand:speed>1.2</osmand:speed>
        </extensions>
      </trkpt>
      <trkpt lat="55.6805551" lon="12.5872954">
        <ele>42.3</ele>
        <time>2026-02-14T13:47:41Z</time>
        <hdop>5.3</hdop>
        <extensions>
          <osmand:provider>fused</osmand:provider>
          <osmand:speed>1</osmand:speed>
        </extensions>
      </trkpt>
      <trkpt lat="55.6805505" lon="12.5873273">
        <ele>42.1</ele>
        <time>2026-02-14T13:47:59Z</time>
        <hdop>3.8</hdop>
        <extensions>
          <osmand:provider>fused</osmand:provider>
          <osmand:speed>0.4</osmand:speed>
        </extensions>
      </trkpt>
      <trkpt lat="55.6805128" lon="12.5874403">
        <ele>41.8</ele>
        <time>2026-02-14T13:48:34Z</time>
        <hdop>6.2</hdop>
        <extensions>
          <osmand:provider>fused</osmand:provider>
          <osmand:speed>0.9</osmand:speed>
        </extensions>
      </trkpt>
      <trkpt lat="55.6804942" lon="12.5874061">
        <ele>41.8</ele>
        <time>2026-02-14T13:48:39Z</time>
        <hdop>4.2</hdop>
        <extensions>
          <osmand:provider>fused</osmand:provider>
          <osmand:speed>1</osmand:speed>
        </extensions>
      </trkpt>
      <trkpt lat="55.6804733" lon="12.5874428">
        <ele>41.2</ele>
        <time>2026-02-14T13:48:45Z</time>
        <hdop>3.9</hdop>
        <extensions>
          <osmand:provider>fused</osmand:provider>
          <osmand:speed>0.9</osmand:speed>
        </extensions>
      </trkpt>
      <trkpt lat="55.6805276" lon="12.5874813">
        <ele>42</ele>
        <time>2026-02-14T13:48:50Z</time>
        <hdop>4.6</hdop>
        <extensions>
          <osmand:provider>fused</osmand:provider>
          <osmand:speed>1</osmand:speed>
        </extensions>
      </trkpt>
      <trkpt lat="55.6805368" lon="12.5875445">
        <ele>42</ele>
        <time>2026-02-14T13:48:55Z</time>
        <hdop>5.3</hdop>
        <extensions>
          <osmand:provider>fused</osmand:provider>
          <osmand:speed>1</osmand:speed>
        </extensions>
      </trkpt>
      <trkpt lat="55.6803487" lon="12.5875103">
        <ele>41.8</ele>
        <time>2026-02-14T13:49:00Z</time>
        <hdop>6.5</hdop>
        <extensions>
          <osmand:provider>fused</osmand:provider>
          <osmand:speed>1.1</osmand:speed>
        </extensions>
      </trkpt>
      <trkpt lat="55.6803229" lon="12.5876558">
        <ele>41.8</ele>
        <time>2026-02-14T13:49:06Z</time>
        <hdop>3.6</hdop>
        <extensions>
          <osmand:provider>fused</osmand:provider>
          <osmand:speed>1.1</osmand:speed>
        </extensions>
      </trkpt>
      <trkpt lat="55.6802997" lon="12.5877563">
        <ele>41.2</ele>
        <time>2026-02-14T13:49:11Z</time>
        <hdop>3.7</hdop>
        <extensions>
          <osmand:provider>fused</osmand:provider>
          <osmand:speed>0.9</osmand:speed>
        </extensions>
      </trkpt>
      <trkpt lat="55.6802863" lon="12.5878541">
        <ele>41.2</ele>
        <time>2026-02-14T13:49:16Z</time>
        <hdop>3.9</hdop>
        <extensions>
          <osmand:provider>fused</osmand:provider>
          <osmand:speed>1.1</osmand:speed>
        </extensions>
      </trkpt>
      <trkpt lat="55.6802585" lon="12.5879674">
        <ele>41.2</ele>
        <time>2026-02-14T13:49:21Z</time>
        <hdop>3.9</hdop>
        <extensions>
          <osmand:provider>fused</osmand:provider>
          <osmand:speed>1.1</osmand:speed>
        </extensions>
      </trkpt>
      <trkpt lat="55.6802389" lon="12.5880667">
        <ele>41.2</ele>
        <time>2026-02-14T13:49:27Z</time>
        <hdop>3.5</hdop>
        <extensions>
          <osmand:provider>fused</osmand:provider>
          <osmand:speed>1.1</osmand:speed>
        </extensions>
      </trkpt>
      <trkpt lat="55.680214" lon="12.5881637">
        <ele>41.2</ele>
        <time>2026-02-14T13:49:32Z</time>
        <hdop>3.6</hdop>
        <extensions>
          <osmand:provider>fused</osmand:provider>
          <osmand:speed>1.2</osmand:speed>
        </extensions>
      </trkpt>
      <trkpt lat="55.6801992" lon="12.5882267">
        <ele>41.2</ele>
        <time>2026-02-14T13:49:37Z</time>
        <hdop>3.7</hdop>
        <extensions>
          <osmand:provider>fused</osmand:provider>
          <osmand:speed>1.1</osmand:speed>
        </extensions>
      </trkpt>
      <trkpt lat="55.6801844" lon="12.5883129">
        <ele>41</ele>
        <time>2026-02-14T13:49:43Z</time>
        <hdop>3.9</hdop>
        <extensions>
          <osmand:provider>fused</osmand:provider>
          <osmand:speed>1.1</osmand:speed>
        </extensions>
      </trkpt>
      <trkpt lat="55.6801592" lon="12.5884223">
        <ele>40.8</ele>
        <time>2026-02-14T13:49:48Z</time>
        <hdop>4.5</hdop>
        <extensions>
          <osmand:provider>fused</osmand:provider>
          <osmand:speed>1.1</osmand:speed>
        </extensions>
      </trkpt>
      <trkpt lat="55.6801731" lon="12.5885533">
        <ele>40.8</ele>
        <time>2026-02-14T13:51:21Z</time>
        <hdop>10.3</hdop>
        <extensions>
          <osmand:provider>fused</osmand:provider>
          <osmand:speed>0.7</osmand:speed>
        </extensions>
      </trkpt>
      <trkpt lat="55.6801353" lon="12.5886348">
        <ele>41</ele>
        <time>2026-02-14T13:51:27Z</time>
        <hdop>12.6</hdop>
        <extensions>
          <osmand:provider>fused</osmand:provider>
          <osmand:speed>0.8</osmand:speed>
        </extensions>
      </trkpt>
      <trkpt lat="55.68016" lon="12.5885623">
        <ele>40.8</ele>
        <time>2026-02-14T13:51:51Z</time>
        <hdop>10.9</hdop>
        <extensions>
          <osmand:provider>fused</osmand:provider>
          <osmand:speed>0.6</osmand:speed>
        </extensions>
      </trkpt>
      <trkpt lat="55.6802016" lon="12.5884835">
        <ele>40.9</ele>
        <time>2026-02-14T13:51:57Z</time>
        <hdop>9.9</hdop>
        <extensions>
          <osmand:provider>fused</osmand:provider>
          <osmand:speed>0.7</osmand:speed>
        </extensions>
      </trkpt>
      <trkpt lat="55.6801956" lon="12.5885146">
        <ele>41</ele>
        <time>2026-02-14T13:52:40Z</time>
        <hdop>9.9</hdop>
        <extensions>
          <osmand:provider>fused</osmand:provider>
          <osmand:speed>0.5</osmand:speed>
        </extensions>
      </trkpt>
      <trkpt lat="55.6801266" lon="12.5886019">
        <ele>40.9</ele>
        <time>2026-02-14T13:52:46Z</time>
        <hdop>8.6</hdop>
        <extensions>
          <osmand:provider>fused</osmand:provider>
          <osmand:speed>0.3</osmand:speed>
        </extensions>
      </trkpt>
      <trkpt lat="55.6801206" lon="12.5886801">
        <ele>40.8</ele>
        <time>2026-02-14T13:52:52Z</time>
        <hdop>7.2</hdop>
        <extensions>
          <osmand:provider>fused</osmand:provider>
          <osmand:speed>0.9</osmand:speed>
        </extensions>
      </trkpt>
      <trkpt lat="55.680104" lon="12.5887151">
        <ele>41.1</ele>
        <time>2026-02-14T13:52:57Z</time>
        <hdop>5.9</hdop>
        <extensions>
          <osmand:provider>fused</osmand:provider>
          <osmand:speed>0.9</osmand:speed>
        </extensions>
      </trkpt>
      <trkpt lat="55.6800808" lon="12.5887616">
        <ele>41.1</ele>
        <time>2026-02-14T13:53:03Z</time>
        <hdop>7.8</hdop>
        <extensions>
          <osmand:provider>fused</osmand:provider>
          <osmand:speed>1</osmand:speed>
        </extensions>
      </trkpt>
      <trkpt lat="55.6800589" lon="12.5888228">
        <ele>40.8</ele>
        <time>2026-02-14T13:53:08Z</time>
        <hdop>3.8</hdop>
        <extensions>
          <osmand:provider>fused</osmand:provider>
          <osmand:speed>1.2</osmand:speed>
        </extensions>
      </trkpt>
      <trkpt lat="55.6800467" lon="12.5888772">
        <ele>40.9</ele>
        <time>2026-02-14T13:53:13Z</time>
        <hdop>3.3</hdop>
        <extensions>
          <osmand:provider>fused</osmand:provider>
          <osmand:speed>1.1</osmand:speed>
        </extensions>
      </trkpt>
      <trkpt lat="55.6800226" lon="12.5889553">
        <ele>40.9</ele>
        <time>2026-02-14T13:53:19Z</time>
        <hdop>3.7</hdop>
        <extensions>
          <osmand:provider>fused</osmand:provider>
          <osmand:speed>1.1</osmand:speed>
        </extensions>
      </trkpt>
      <trkpt lat="55.6800105" lon="12.5889887">
        <ele>40.8</ele>
        <time>2026-02-14T13:53:25Z</time>
        <hdop>4.2</hdop>
        <extensions>
          <osmand:provider>fused</osmand:provider>
          <osmand:speed>0.9</osmand:speed>
        </extensions>
      </trkpt>
      <trkpt lat="55.6799922" lon="12.5890409">
        <ele>40.8</ele>
        <time>2026-02-14T13:53:36Z</time>
        <hdop>4.1</hdop>
        <extensions>
          <osmand:provider>fused</osmand:provider>
          <osmand:speed>0.4</osmand:speed>
        </extensions>
      </trkpt>
      <trkpt lat="55.6799769" lon="12.5891103">
        <ele>40.8</ele>
        <time>2026-02-14T13:53:42Z</time>
        <hdop>3.5</hdop>
        <extensions>
          <osmand:provider>fused</osmand:provider>
          <osmand:speed>1</osmand:speed>
        </extensions>
      </trkpt>
      <trkpt lat="55.6799346" lon="12.5891416">
        <ele>40.8</ele>
        <time>2026-02-14T13:53:47Z</time>
        <hdop>3.5</hdop>
        <extensions>
          <osmand:provider>fused</osmand:provider>
          <osmand:speed>1</osmand:speed>
        </extensions>
      </trkpt>
      <trkpt lat="55.6799173" lon="12.5892485">
        <ele>40.8</ele>
        <time>2026-02-14T13:53:53Z</time>
        <hdop>3.8</hdop>
        <extensions>
          <osmand:provider>fused</osmand:provider>
          <osmand:speed>1.1</osmand:speed>
        </extensions>
      </trkpt>
      <trkpt lat="55.679892" lon="12.5893818">
        <ele>40.6</ele>
        <time>2026-02-14T13:53:58Z</time>
        <hdop>4.8</hdop>
        <extensions>
          <osmand:provider>fused</osmand:provider>
          <osmand:speed>1.1</osmand:speed>
        </extensions>
      </trkpt>
      <trkpt lat="55.6798662" lon="12.5894839">
        <ele>40.6</ele>
        <time>2026-02-14T13:54:04Z</time>
        <hdop>5.5</hdop>
        <extensions>
          <osmand:provider>fused</osmand:provider>
          <osmand:speed>0.9</osmand:speed>
        </extensions>
      </trkpt>
      <trkpt lat="55.6798465" lon="12.589571">
        <ele>40.5</ele>
        <time>2026-02-14T13:54:09Z</time>
        <hdop>5</hdop>
        <extensions>
          <osmand:provider>fused</osmand:provider>
          <osmand:speed>0.9</osmand:speed>
        </extensions>
      </trkpt>
      <trkpt lat="55.6798258" lon="12.5896659">
        <ele>40.4</ele>
        <time>2026-02-14T13:54:14Z</time>
        <hdop>5</hdop>
        <extensions>
          <osmand:provider>fused</osmand:provider>
          <osmand:speed>1</osmand:speed>
        </extensions>
      </trkpt>
      <trkpt lat="55.6798117" lon="12.5897658">
        <ele>40.5</ele>
        <time>2026-02-14T13:54:20Z</time>
        <hdop>5.4</hdop>
        <extensions>
          <osmand:provider>fused</osmand:provider>
          <osmand:speed>1.1</osmand:speed>
        </extensions>
      </trkpt>
      <trkpt lat="55.6797949" lon="12.5898488">
        <ele>40.5</ele>
        <time>2026-02-14T13:54:25Z</time>
        <hdop>5.7</hdop>
        <extensions>
          <osmand:provider>fused</osmand:provider>
          <osmand:speed>1.2</osmand:speed>
        </extensions>
      </trkpt>
      <trkpt lat="55.6797661" lon="12.5899365">
        <ele>40.5</ele>
        <time>2026-02-14T13:54:30Z</time>
        <hdop>6.4</hdop>
        <extensions>
          <osmand:provider>fused</osmand:provider>
          <osmand:speed>1.2</osmand:speed>
        </extensions>
      </trkpt>
      <trkpt lat="55.6797471" lon="12.5900447">
        <ele>40.5</ele>
        <time>2026-02-14T13:54:36Z</time>
        <hdop>6</hdop>
        <extensions>
          <osmand:provider>fused</osmand:provider>
          <osmand:speed>1.2</osmand:speed>
        </extensions>
      </trkpt>
      <trkpt lat="55.6797325" lon="12.590158">
        <ele>40.4</ele>
        <time>2026-02-14T13:54:41Z</time>
        <hdop>5.8</hdop>
        <extensions>
          <osmand:provider>fused</osmand:provider>
          <osmand:speed>1.2</osmand:speed>
        </extensions>
      </trkpt>
      <trkpt lat="55.6797101" lon="12.5902694">
        <ele>40.5</ele>
        <time>2026-02-14T13:54:46Z</time>
        <hdop>6.3</hdop>
        <extensions>
          <osmand:provider>fused</osmand:provider>
          <osmand:speed>1.2</osmand:speed>
        </extensions>
      </trkpt>
      <trkpt lat="55.6796932" lon="12.590356">
        <ele>40.4</ele>
        <time>2026-02-14T13:54:52Z</time>
        <hdop>6.3</hdop>
        <extensions>
          <osmand:provider>fused</osmand:provider>
          <osmand:speed>1.2</osmand:speed>
        </extensions>
      </trkpt>
      <trkpt lat="55.6796701" lon="12.5904343">
        <ele>40.4</ele>
        <time>2026-02-14T13:54:57Z</time>
        <hdop>6.7</hdop>
        <extensions>
          <osmand:provider>fused</osmand:provider>
          <osmand:speed>1.2</osmand:speed>
        </extensions>
      </trkpt>
      <trkpt lat="55.6796511" lon="12.5905207">
        <ele>40.4</ele>
        <time>2026-02-14T13:55:03Z</time>
        <hdop>6.7</hdop>
        <extensions>
          <osmand:provider>fused</osmand:provider>
          <osmand:speed>1.2</osmand:speed>
        </extensions>
      </trkpt>
      <trkpt lat="55.6796225" lon="12.5906222">
        <ele>40.4</ele>
        <time>2026-02-14T13:55:08Z</time>
        <hdop>6.3</hdop>
        <extensions>
          <osmand:provider>fused</osmand:provider>
          <osmand:speed>1.2</osmand:speed>
        </extensions>
      </trkpt>
      <trkpt lat="55.6796006" lon="12.5907086">
        <ele>40.4</ele>
        <time>2026-02-14T13:55:13Z</time>
        <hdop>5.8</hdop>
        <extensions>
          <osmand:provider>fused</osmand:provider>
          <osmand:speed>1.2</osmand:speed>
        </extensions>
      </trkpt>
      <trkpt lat="55.6795695" lon="12.5908368">
        <ele>41.5</ele>
        <time>2026-02-14T13:55:18Z</time>
        <hdop>5.2</hdop>
        <extensions>
          <osmand:provider>fused</osmand:provider>
          <osmand:speed>1.2</osmand:speed>
        </extensions>
      </trkpt>
      <trkpt lat="55.6795782" lon="12.5909272">
        <ele>41.5</ele>
        <time>2026-02-14T13:55:23Z</time>
        <hdop>5.3</hdop>
        <extensions>
          <osmand:provider>fused</osmand:provider>
          <osmand:speed>0.9</osmand:speed>
        </extensions>
      </trkpt>
      <trkpt lat="55.6795612" lon="12.5909505">
        <ele>40.5</ele>
        <time>2026-02-14T13:55:36Z</time>
        <hdop>4.6</hdop>
        <extensions>
          <osmand:provider>fused</osmand:provider>
          <osmand:speed>0.7</osmand:speed>
        </extensions>
      </trkpt>
      <trkpt lat="55.6795338" lon="12.5910462">
        <ele>40.5</ele>
        <time>2026-02-14T13:55:41Z</time>
        <hdop>4.8</hdop>
        <extensions>
          <osmand:provider>fused</osmand:provider>
          <osmand:speed>1.1</osmand:speed>
        </extensions>
      </trkpt>
      <trkpt lat="55.6795185" lon="12.5911385">
        <ele>40.6</ele>
        <time>2026-02-14T13:55:47Z</time>
        <hdop>4.8</hdop>
        <extensions>
          <osmand:provider>fused</osmand:provider>
          <osmand:speed>0.7</osmand:speed>
        </extensions>
      </trkpt>
      <trkpt lat="55.6795192" lon="12.5911723">
        <ele>40.5</ele>
        <time>2026-02-14T13:56:01Z</time>
        <hdop>3.8</hdop>
        <extensions>
          <osmand:provider>fused</osmand:provider>
          <osmand:speed>0.9</osmand:speed>
        </extensions>
      </trkpt>
      <trkpt lat="55.6795292" lon="12.5912709">
        <ele>41.1</ele>
        <time>2026-02-14T13:56:06Z</time>
        <hdop>4.3</hdop>
        <extensions>
          <osmand:provider>fused</osmand:provider>
          <osmand:speed>0.9</osmand:speed>
        </extensions>
      </trkpt>
      <trkpt lat="55.6795335" lon="12.5913105">
        <ele>40.5</ele>
        <time>2026-02-14T13:56:33Z</time>
        <hdop>9.9</hdop>
        <extensions>
          <osmand:provider>fused</osmand:provider>
          <osmand:speed>0.3</osmand:speed>
        </extensions>
      </trkpt>
      <trkpt lat="55.6795584" lon="12.5913392">
        <ele>40.6</ele>
        <time>2026-02-14T14:01:23Z</time>
        <hdop>3.8</hdop>
        <extensions>
          <osmand:provider>fused</osmand:provider>
          <osmand:speed>0.3</osmand:speed>
        </extensions>
      </trkpt>
      <trkpt lat="55.6796019" lon="12.5913576">
        <ele>40.3</ele>
        <time>2026-02-14T14:01:28Z</time>
        <hdop>4.8</hdop>
        <extensions>
          <osmand:provider>fused</osmand:provider>
          <osmand:speed>0.9</osmand:speed>
        </extensions>
      </trkpt>
      <trkpt lat="55.6796434" lon="12.5914189">
        <ele>40.3</ele>
        <time>2026-02-14T14:01:34Z</time>
        <hdop>4.3</hdop>
        <extensions>
          <osmand:provider>fused</osmand:provider>
          <osmand:speed>0.8</osmand:speed>
        </extensions>
      </trkpt>
      <trkpt lat="55.6796957" lon="12.5914511">
        <ele>40.4</ele>
        <time>2026-02-14T14:01:39Z</time>
        <hdop>4.6</hdop>
        <extensions>
          <osmand:provider>fused</osmand:provider>
          <osmand:speed>1</osmand:speed>
        </extensions>
      </trkpt>
      <trkpt lat="55.6797273" lon="12.5914936">
        <ele>40.5</ele>
        <time>2026-02-14T14:01:44Z</time>
        <hdop>4.6</hdop>
        <extensions>
          <osmand:provider>fused</osmand:provider>
          <osmand:speed>1.1</osmand:speed>
        </extensions>
      </trkpt>
      <trkpt lat="55.6797623" lon="12.5915751">
        <ele>40.5</ele>
        <time>2026-02-14T14:01:49Z</time>
        <hdop>6.1</hdop>
        <extensions>
          <osmand:provider>fused</osmand:provider>
          <osmand:speed>1</osmand:speed>
        </extensions>
      </trkpt>
      <trkpt lat="55.6797428" lon="12.5916667">
        <ele>40.4</ele>
        <time>2026-02-14T14:01:54Z</time>
        <hdop>4.5</hdop>
        <extensions>
          <osmand:provider>fused</osmand:provider>
          <osmand:speed>1</osmand:speed>
        </extensions>
      </trkpt>
      <trkpt lat="55.679724" lon="12.5917335">
        <ele>40.3</ele>
        <time>2026-02-14T14:01:59Z</time>
        <hdop>3.9</hdop>
        <extensions>
          <osmand:provider>fused</osmand:provider>
          <osmand:speed>1</osmand:speed>
        </extensions>
      </trkpt>
      <trkpt lat="55.6796984" lon="12.5918153">
        <ele>40.3</ele>
        <time>2026-02-14T14:02:05Z</time>
        <hdop>4</hdop>
        <extensions>
          <osmand:provider>fused</osmand:provider>
          <osmand:speed>0.9</osmand:speed>
        </extensions>
      </trkpt>
      <trkpt lat="55.6796815" lon="12.5918778">
        <ele>40.2</ele>
        <time>2026-02-14T14:02:10Z</time>
        <hdop>4.3</hdop>
        <extensions>
          <osmand:provider>fused</osmand:provider>
          <osmand:speed>0.9</osmand:speed>
        </extensions>
      </trkpt>
      <trkpt lat="55.6796612" lon="12.5919819">
        <ele>40.2</ele>
        <time>2026-02-14T14:02:15Z</time>
        <hdop>4.3</hdop>
        <extensions>
          <osmand:provider>fused</osmand:provider>
          <osmand:speed>1.1</osmand:speed>
        </extensions>
      </trkpt>
      <trkpt lat="55.679642" lon="12.5920505">
        <ele>40.2</ele>
        <time>2026-02-14T14:02:21Z</time>
        <hdop>4.1</hdop>
        <extensions>
          <osmand:provider>fused</osmand:provider>
          <osmand:speed>0.8</osmand:speed>
        </extensions>
      </trkpt>
      <trkpt lat="55.6796178" lon="12.5921214">
        <ele>40.1</ele>
        <time>2026-02-14T14:02:26Z</time>
        <hdop>4.1</hdop>
        <extensions>
          <osmand:provider>fused</osmand:provider>
          <osmand:speed>1</osmand:speed>
        </extensions>
      </trkpt>
      <trkpt lat="55.6795974" lon="12.5921939">
        <ele>40.2</ele>
        <time>2026-02-14T14:02:31Z</time>
        <hdop>4.2</hdop>
        <extensions>
          <osmand:provider>fused</osmand:provider>
          <osmand:speed>1</osmand:speed>
        </extensions>
      </trkpt>
      <trkpt lat="55.6795794" lon="12.5922901">
        <ele>40.2</ele>
        <time>2026-02-14T14:02:36Z</time>
        <hdop>4.1</hdop>
        <extensions>
          <osmand:provider>fused</osmand:provider>
          <osmand:speed>1.1</osmand:speed>
        </extensions>
      </trkpt>
      <trkpt lat="55.6795487" lon="12.5923723">
        <ele>40.2</ele>
        <time>2026-02-14T14:02:41Z</time>
        <hdop>4</hdop>
        <extensions>
          <osmand:provider>fused</osmand:provider>
          <osmand:speed>1.1</osmand:speed>
        </extensions>
      </trkpt>
      <trkpt lat="55.6795297" lon="12.5924623">
        <ele>40.2</ele>
        <time>2026-02-14T14:02:46Z</time>
        <hdop>4.1</hdop>
        <extensions>
          <osmand:provider>fused</osmand:provider>
          <osmand:speed>1.1</osmand:speed>
        </extensions>
      </trkpt>
      <trkpt lat="55.6795115" lon="12.5925535">
        <ele>40</ele>
        <time>2026-02-14T14:02:51Z</time>
        <hdop>4</hdop>
        <extensions>
          <osmand:provider>fused</osmand:provider>
          <osmand:speed>1.1</osmand:speed>
        </extensions>
      </trkpt>
      <trkpt lat="55.6794892" lon="12.5926297">
        <ele>40.1</ele>
        <time>2026-02-14T14:02:56Z</time>
        <hdop>4.1</hdop>
        <extensions>
          <osmand:provider>fused</osmand:provider>
          <osmand:speed>1</osmand:speed>
        </extensions>
      </trkpt>
      <trkpt lat="55.6794698" lon="12.5927107">
        <ele>40.1</ele>
        <time>2026-02-14T14:03:02Z</time>
        <hdop>3.9</hdop>
        <extensions>
          <osmand:provider>fused</osmand:provider>
          <osmand:speed>1.1</osmand:speed>
        </extensions>
      </trkpt>
      <trkpt lat="55.6794502" lon="12.5927803">
        <ele>40.1</ele>
        <time>2026-02-14T14:03:07Z</time>
        <hdop>3.8</hdop>
        <extensions>
          <osmand:provider>fused</osmand:provider>
          <osmand:speed>1</osmand:speed>
        </extensions>
      </trkpt>
      <trkpt lat="55.6794256" lon="12.5928465">
        <ele>40.1</ele>
        <time>2026-02-14T14:03:12Z</time>
        <hdop>3.7</hdop>
        <extensions>
          <osmand:provider>fused</osmand:provider>
          <osmand:speed>0.9</osmand:speed>
        </extensions>
      </trkpt>
      <trkpt lat="55.6794057" lon="12.5929091">
        <ele>40.1</ele>
        <time>2026-02-14T14:03:17Z</time>
        <hdop>4</hdop>
        <extensions>
          <osmand:provider>fused</osmand:provider>
          <osmand:speed>1.1</osmand:speed>
        </extensions>
      </trkpt>
      <trkpt lat="55.6793879" lon="12.5929889">
        <ele>40.2</ele>
        <time>2026-02-14T14:03:22Z</time>
        <hdop>4.2</hdop>
        <extensions>
          <osmand:provider>fused</osmand:provider>
          <osmand:speed>0.9</osmand:speed>
        </extensions>
      </trkpt>
      <trkpt lat="55.6793778" lon="12.5930485">
        <ele>40.2</ele>
        <time>2026-02-14T14:03:27Z</time>
        <hdop>3.8</hdop>
        <extensions>
          <osmand:provider>fused</osmand:provider>
          <osmand:speed>0.9</osmand:speed>
        </extensions>
      </trkpt>
      <trkpt lat="55.6793543" lon="12.5931343">
        <ele>40.2</ele>
        <time>2026-02-14T14:03:32Z</time>
        <hdop>3.7</hdop>
        <extensions>
          <osmand:provider>fused</osmand:provider>
          <osmand:speed>0.9</osmand:speed>
        </extensions>
      </trkpt>
      <trkpt lat="55.6793353" lon="12.5931967">
        <ele>40.4</ele>
        <time>2026-02-14T14:03:38Z</time>
        <hdop>3.3</hdop>
        <extensions>
          <osmand:provider>fused</osmand:provider>
          <osmand:speed>1</osmand:speed>
        </extensions>
      </trkpt>
      <trkpt lat="55.6793152" lon="12.5932622">
        <ele>40.6</ele>
        <time>2026-02-14T14:03:43Z</time>
        <hdop>3.6</hdop>
        <extensions>
          <osmand:provider>fused</osmand:provider>
          <osmand:speed>1.1</osmand:speed>
        </extensions>
      </trkpt>
      <trkpt lat="55.6792883" lon="12.5933469">
        <ele>40.3</ele>
        <time>2026-02-14T14:03:48Z</time>
        <hdop>3.6</hdop>
        <extensions>
          <osmand:provider>fused</osmand:provider>
          <osmand:speed>1.1</osmand:speed>
        </extensions>
      </trkpt>
      <trkpt lat="55.6792648" lon="12.5934325">
        <ele>40.3</ele>
        <time>2026-02-14T14:03:53Z</time>
        <hdop>3.8</hdop>
        <extensions>
          <osmand:provider>fused</osmand:provider>
          <osmand:speed>1.1</osmand:speed>
        </extensions>
      </trkpt>
      <trkpt lat="55.679239" lon="12.5935078">
        <ele>40.2</ele>
        <time>2026-02-14T14:03:58Z</time>
        <hdop>4</hdop>
        <extensions>
          <osmand:provider>fused</osmand:provider>
          <osmand:speed>1.1</osmand:speed>
        </extensions>
      </trkpt>
      <trkpt lat="55.6792142" lon="12.5935717">
        <ele>40.3</ele>
        <time>2026-02-14T14:04:03Z</time>
        <hdop>3.9</hdop>
        <extensions>
          <osmand:provider>fused</osmand:provider>
          <osmand:speed>1</osmand:speed>
        </extensions>
      </trkpt>
      <trkpt lat="55.6791876" lon="12.5936775">
        <ele>40</ele>
        <time>2026-02-14T14:04:08Z</time>
        <hdop>3.9</hdop>
        <extensions>
          <osmand:provider>fused</osmand:provider>
          <osmand:speed>1.1</osmand:speed>
        </extensions>
      </trkpt>
      <trkpt lat="55.6791495" lon="12.5937204">
        <ele>40</ele>
        <time>2026-02-14T14:04:13Z</time>
        <hdop>3.8</hdop>
        <extensions>
          <osmand:provider>fused</osmand:provider>
          <osmand:speed>1.1</osmand:speed>
        </extensions>
      </trkpt>
      <trkpt lat="55.6791339" lon="12.5936933">
        <ele>40</ele>
        <time>2026-02-14T14:04:42Z</time>
        <hdop>5.6</hdop>
        <extensions>
          <osmand:provider>fused</osmand:provider>
          <osmand:speed>0.3</osmand:speed>
        </extensions>
      </trkpt>
      <trkpt lat="55.6791525" lon="12.593745">
        <ele>40</ele>
        <time>2026-02-14T14:04:47Z</time>
        <hdop>9.1</hdop>
        <extensions>
          <osmand:provider>fused</osmand:provider>
          <osmand:speed>1.1</osmand:speed>
        </extensions>
      </trkpt>
      <trkpt lat="55.6791527" lon="12.5938537">
        <ele>40</ele>
        <time>2026-02-14T14:04:52Z</time>
        <hdop>6.9</hdop>
        <extensions>
          <osmand:provider>fused</osmand:provider>
          <osmand:speed>1.2</osmand:speed>
        </extensions>
      </trkpt>
      <trkpt lat="55.6791483" lon="12.5939526">
        <ele>40</ele>
        <time>2026-02-14T14:04:57Z</time>
        <hdop>5.4</hdop>
        <extensions>
          <osmand:provider>fused</osmand:provider>
          <osmand:speed>1.3</osmand:speed>
        </extensions>
      </trkpt>
      <trkpt lat="55.6791469" lon="12.5940556">
        <ele>40</ele>
        <time>2026-02-14T14:05:03Z</time>
        <hdop>6.5</hdop>
        <extensions>
          <osmand:provider>fused</osmand:provider>
          <osmand:speed>1.1</osmand:speed>
        </extensions>
      </trkpt>
      <trkpt lat="55.6791763" lon="12.5940763">
        <ele>40.7</ele>
        <time>2026-02-14T14:05:14Z</time>
        <hdop>3.3</hdop>
        <extensions>
          <osmand:provider>fused</osmand:provider>
          <osmand:speed>0.9</osmand:speed>
        </extensions>
      </trkpt>
      <trkpt lat="55.6792015" lon="12.594139">
        <ele>41.6</ele>
        <time>2026-02-14T14:06:34Z</time>
        <hdop>3.8</hdop>
        <extensions>
          <osmand:provider>fused</osmand:provider>
          <osmand:speed>0.4</osmand:speed>
        </extensions>
      </trkpt>
      <trkpt lat="55.6791911" lon="12.5941047">
        <ele>44.4</ele>
        <time>2026-02-14T14:08:09Z</time>
        <hdop>4.6</hdop>
        <extensions>
          <osmand:provider>fused</osmand:provider>
          <osmand:speed>0.5</osmand:speed>
        </extensions>
      </trkpt>
      <trkpt lat="55.6792018" lon="12.5940764">
        <ele>42.6</ele>
        <time>2026-02-14T14:08:24Z</time>
        <hdop>5</hdop>
        <extensions>
          <osmand:provider>fused</osmand:provider>
          <osmand:speed>0.5</osmand:speed>
        </extensions>
      </trkpt>
      <trkpt lat="55.6792247" lon="12.5939933">
        <ele>42.6</ele>
        <time>2026-02-14T14:08:29Z</time>
        <hdop>7</hdop>
        <extensions>
          <osmand:provider>fused</osmand:provider>
          <osmand:speed>1</osmand:speed>
        </extensions>
      </trkpt>
      <trkpt lat="55.6792178" lon="12.593836">
        <ele>40.5</ele>
        <time>2026-02-14T14:08:35Z</time>
        <hdop>6.7</hdop>
        <extensions>
          <osmand:provider>fused</osmand:provider>
          <osmand:speed>0.9</osmand:speed>
        </extensions>
      </trkpt>
      <trkpt lat="55.6792395" lon="12.5937855">
        <ele>40.3</ele>
        <time>2026-02-14T14:08:40Z</time>
        <hdop>3.4</hdop>
        <extensions>
          <osmand:provider>fused</osmand:provider>
          <osmand:speed>0.9</osmand:speed>
        </extensions>
      </trkpt>
      <trkpt lat="55.6792367" lon="12.5936979">
        <ele>40</ele>
        <time>2026-02-14T14:08:45Z</time>
        <hdop>3.7</hdop>
        <extensions>
          <osmand:provider>fused</osmand:provider>
          <osmand:speed>0.9</osmand:speed>
        </extensions>
      </trkpt>
      <trkpt lat="55.6792502" lon="12.5936155">
        <ele>40.1</ele>
        <time>2026-02-14T14:08:51Z</time>
        <hdop>3.7</hdop>
        <extensions>
          <osmand:provider>fused</osmand:provider>
          <osmand:speed>1</osmand:speed>
        </extensions>
      </trkpt>
      <trkpt lat="55.6792641" lon="12.5935287">
        <ele>40.2</ele>
        <time>2026-02-14T14:08:56Z</time>
        <hdop>3.8</hdop>
        <extensions>
          <osmand:provider>fused</osmand:provider>
          <osmand:speed>1.1</osmand:speed>
        </extensions>
      </trkpt>
      <trkpt lat="55.6792787" lon="12.5934559">
        <ele>40.2</ele>
        <time>2026-02-14T14:09:01Z</time>
        <hdop>4.3</hdop>
        <extensions>
          <osmand:provider>fused</osmand:provider>
          <osmand:speed>0.8</osmand:speed>
        </extensions>
      </trkpt>
      <trkpt lat="55.6793049" lon="12.5933752">
        <ele>40.4</ele>
        <time>2026-02-14T14:09:07Z</time>
        <hdop>3.6</hdop>
        <extensions>
          <osmand:provider>fused</osmand:provider>
          <osmand:speed>1</osmand:speed>
        </extensions>
      </trkpt>
      <trkpt lat="55.6793092" lon="12.5933211">
        <ele>44.5</ele>
        <time>2026-02-14T14:10:34Z</time>
        <hdop>3.8</hdop>
        <extensions>
          <osmand:provider>fused</osmand:provider>
          <osmand:speed>0.9</osmand:speed>
        </extensions>
      </trkpt>
      <trkpt lat="55.6793482" lon="12.5932235">
        <ele>44.5</ele>
        <time>2026-02-14T14:10:39Z</time>
        <hdop>6.1</hdop>
        <extensions>
          <osmand:provider>fused</osmand:provider>
          <osmand:speed>1.2</osmand:speed>
        </extensions>
      </trkpt>
      <trkpt lat="55.6793664" lon="12.5931161">
        <ele>40.3</ele>
        <time>2026-02-14T14:10:44Z</time>
        <hdop>3.8</hdop>
        <extensions>
          <osmand:provider>fused</osmand:provider>
          <osmand:speed>1.1</osmand:speed>
        </extensions>
      </trkpt>
      <trkpt lat="55.6793918" lon="12.5930349">
        <ele>40.2</ele>
        <time>2026-02-14T14:10:50Z</time>
        <hdop>3.4</hdop>
        <extensions>
          <osmand:provider>fused</osmand:provider>
          <osmand:speed>1.2</osmand:speed>
        </extensions>
      </trkpt>
      <trkpt lat="55.6794227" lon="12.5929874">
        <ele>40.2</ele>
        <time>2026-02-14T14:10:55Z</time>
        <hdop>3.5</hdop>
        <extensions>
          <osmand:provider>fused</osmand:provider>
          <osmand:speed>1</osmand:speed>
        </extensions>
      </trkpt>
      <trkpt lat="55.6794487" lon="12.592909">
        <ele>40.2</ele>
        <time>2026-02-14T14:11:01Z</time>
        <hdop>3.9</hdop>
        <extensions>
          <osmand:provider>fused</osmand:provider>
          <osmand:speed>1.2</osmand:speed>
        </extensions>
      </trkpt>
      <trkpt lat="55.6794791" lon="12.5928106">
        <ele>40.2</ele>
        <time>2026-02-14T14:11:06Z</time>
        <hdop>3.8</hdop>
        <extensions>
          <osmand:provider>fused</osmand:provider>
          <osmand:speed>1.2</osmand:speed>
        </extensions>
      </trkpt>
      <trkpt lat="55.6795036" lon="12.5927096">
        <ele>40.2</ele>
        <time>2026-02-14T14:11:11Z</time>
        <hdop>3.7</hdop>
        <extensions>
          <osmand:provider>fused</osmand:provider>
          <osmand:speed>1.3</osmand:speed>
        </extensions>
      </trkpt>
      <trkpt lat="55.679526" lon="12.592621">
        <ele>40.2</ele>
        <time>2026-02-14T14:11:16Z</time>
        <hdop>3.8</hdop>
        <extensions>
          <osmand:provider>fused</osmand:provider>
          <osmand:speed>1.3</osmand:speed>
        </extensions>
      </trkpt>
      <trkpt lat="55.679545" lon="12.5925301">
        <ele>40.2</ele>
        <time>2026-02-14T14:11:21Z</time>
        <hdop>3.9</hdop>
        <extensions>
          <osmand:provider>fused</osmand:provider>
          <osmand:speed>1.2</osmand:speed>
        </extensions>
      </trkpt>
      <trkpt lat="55.6795678" lon="12.5924522">
        <ele>40</ele>
        <time>2026-02-14T14:11:27Z</time>
        <hdop>3.8</hdop>
        <extensions>
          <osmand:provider>fused</osmand:provider>
          <osmand:speed>1.1</osmand:speed>
        </extensions>
      </trkpt>
      <trkpt lat="55.6795863" lon="12.5923523">
        <ele>40.2</ele>
        <time>2026-02-14T14:11:33Z</time>
        <hdop>4</hdop>
        <extensions>
          <osmand:provider>fused</osmand:provider>
          <osmand:speed>1.3</osmand:speed>
        </extensions>
      </trkpt>
      <trkpt lat="55.6796139" lon="12.5922462">
        <ele>40.2</ele>
        <time>2026-02-14T14:11:38Z</time>
        <hdop>4.2</hdop>
        <extensions>
          <osmand:provider>fused</osmand:provider>
          <osmand:speed>1.2</osmand:speed>
        </extensions>
      </trkpt>
      <trkpt lat="55.679634" lon="12.5921518">
        <ele>40.2</ele>
        <time>2026-02-14T14:11:43Z</time>
        <hdop>4.2</hdop>
        <extensions>
          <osmand:provider>fused</osmand:provider>
          <osmand:speed>1.2</osmand:speed>
        </extensions>
      </trkpt>
      <trkpt lat="55.6796631" lon="12.5920409">
        <ele>40.1</ele>
        <time>2026-02-14T14:11:48Z</time>
        <hdop>4.5</hdop>
        <extensions>
          <osmand:provider>fused</osmand:provider>
          <osmand:speed>1.3</osmand:speed>
        </extensions>
      </trkpt>
      <trkpt lat="55.679688" lon="12.5919564">
        <ele>40.1</ele>
        <time>2026-02-14T14:11:54Z</time>
        <hdop>4.6</hdop>
        <extensions>
          <osmand:provider>fused</osmand:provider>
          <osmand:speed>1.2</osmand:speed>
        </extensions>
      </trkpt>
      <trkpt lat="55.6797002" lon="12.5919041">
        <ele>40.1</ele>
        <time>2026-02-14T14:11:59Z</time>
        <hdop>4.6</hdop>
        <extensions>
          <osmand:provider>fused</osmand:provider>
          <osmand:speed>1</osmand:speed>
        </extensions>
      </trkpt>
      <trkpt lat="55.679722" lon="12.5918468">
        <ele>40.1</ele>
        <time>2026-02-14T14:12:04Z</time>
        <hdop>4.7</hdop>
        <extensions>
          <osmand:provider>fused</osmand:provider>
          <osmand:speed>1</osmand:speed>
        </extensions>
      </trkpt>
      <trkpt lat="55.679738" lon="12.5917733">
        <ele>40.1</ele>
        <time>2026-02-14T14:12:09Z</time>
        <hdop>4.8</hdop>
        <extensions>
          <osmand:provider>fused</osmand:provider>
          <osmand:speed>1</osmand:speed>
        </extensions>
      </trkpt>
      <trkpt lat="55.6797552" lon="12.5916999">
        <ele>40.1</ele>
        <time>2026-02-14T14:12:14Z</time>
        <hdop>4.4</hdop>
        <extensions>
          <osmand:provider>fused</osmand:provider>
          <osmand:speed>1.1</osmand:speed>
        </extensions>
      </trkpt>
      <trkpt lat="55.6797753" lon="12.5916289">
        <ele>40.1</ele>
        <time>2026-02-14T14:12:20Z</time>
        <hdop>4.4</hdop>
        <extensions>
          <osmand:provider>fused</osmand:provider>
          <osmand:speed>1</osmand:speed>
        </extensions>
      </trkpt>
      <trkpt lat="55.6797811" lon="12.5915798">
        <ele>40.2</ele>
        <time>2026-02-14T14:12:25Z</time>
        <hdop>4.7</hdop>
        <extensions>
          <osmand:provider>fused</osmand:provider>
          <osmand:speed>1.1</osmand:speed>
        </extensions>
      </trkpt>
      <trkpt lat="55.6797995" lon="12.5915142">
        <ele>40.2</ele>
        <time>2026-02-14T14:12:30Z</time>
        <hdop>4.3</hdop>
        <extensions>
          <osmand:provider>fused</osmand:provider>
          <osmand:speed>0.9</osmand:speed>
        </extensions>
      </trkpt>
      <trkpt lat="55.6797858" lon="12.5914605">
        <ele>40.3</ele>
        <time>2026-02-14T14:12:35Z</time>
        <hdop>3.9</hdop>
        <extensions>
          <osmand:provider>fused</osmand:provider>
          <osmand:speed>1</osmand:speed>
        </extensions>
      </trkpt>
      <trkpt lat="55.6797339" lon="12.5914378">
        <ele>40.4</ele>
        <time>2026-02-14T14:12:41Z</time>
        <hdop>4.2</hdop>
        <extensions>
          <osmand:provider>fused</osmand:provider>
          <osmand:speed>1</osmand:speed>
        </extensions>
      </trkpt>
      <trkpt lat="55.679693" lon="12.5914231">
        <ele>40.5</ele>
        <time>2026-02-14T14:12:46Z</time>
        <hdop>4.3</hdop>
        <extensions>
          <osmand:provider>fused</osmand:provider>
          <osmand:speed>0.7</osmand:speed>
        </extensions>
      </trkpt>
      <trkpt lat="55.6796464" lon="12.591397">
        <ele>40.4</ele>
        <time>2026-02-14T14:12:51Z</time>
        <hdop>4.6</hdop>
        <extensions>
          <osmand:provider>fused</osmand:provider>
          <osmand:speed>0.9</osmand:speed>
        </extensions>
      </trkpt>
      <trkpt lat="55.6795864" lon="12.5913638">
        <ele>40.4</ele>
        <time>2026-02-14T14:12:56Z</time>
        <hdop>4.7</hdop>
        <extensions>
          <osmand:provider>fused</osmand:provider>
          <osmand:speed>1.1</osmand:speed>
        </extensions>
      </trkpt>
      <trkpt lat="55.6795228" lon="12.5913162">
        <ele>40.6</ele>
        <time>2026-02-14T14:13:02Z</time>
        <hdop>4.6</hdop>
        <extensions>
          <osmand:provider>fused</osmand:provider>
          <osmand:speed>1.1</osmand:speed>
        </extensions>
      </trkpt>
      <trkpt lat="55.679481" lon="12.5913386">
        <ele>40.6</ele>
        <time>2026-02-14T14:13:07Z</time>
        <hdop>4.6</hdop>
        <extensions>
          <osmand:provider>fused</osmand:provider>
          <osmand:speed>1</osmand:speed>
        </extensions>
      </trkpt>
      <trkpt lat="55.67945" lon="12.5914216">
        <ele>40.5</ele>
        <time>2026-02-14T14:13:12Z</time>
        <hdop>4.6</hdop>
        <extensions>
          <osmand:provider>fused</osmand:provider>
          <osmand:speed>1</osmand:speed>
        </extensions>
      </trkpt>
      <trkpt lat="55.679425" lon="12.5914953">
        <ele>40.3</ele>
        <time>2026-02-14T14:13:18Z</time>
        <hdop>4.6</hdop>
        <extensions>
          <osmand:provider>fused</osmand:provider>
          <osmand:speed>1</osmand:speed>
        </extensions>
      </trkpt>
      <trkpt lat="55.6794022" lon="12.5915754">
        <ele>40.3</ele>
        <time>2026-02-14T14:13:23Z</time>
        <hdop>4.3</hdop>
        <extensions>
          <osmand:provider>fused</osmand:provider>
          <osmand:speed>1</osmand:speed>
        </extensions>
      </trkpt>
      <trkpt lat="55.6793711" lon="12.5916351">
        <ele>40.3</ele>
        <time>2026-02-14T14:13:28Z</time>
        <hdop>4.2</hdop>
        <extensions>
          <osmand:provider>fused</osmand:provider>
          <osmand:speed>0.9</osmand:speed>
        </extensions>
      </trkpt>
      <trkpt lat="55.6793406" lon="12.5917004">
        <ele>40.2</ele>
        <time>2026-02-14T14:13:33Z</time>
        <hdop>4.5</hdop>
        <extensions>
          <osmand:provider>fused</osmand:provider>
          <osmand:speed>0.9</osmand:speed>
        </extensions>
      </trkpt>
      <trkpt lat="55.679312" lon="12.5917801">
        <ele>40.3</ele>
        <time>2026-02-14T14:13:39Z</time>
        <hdop>4.6</hdop>
        <extensions>
          <osmand:provider>fused</osmand:provider>
          <osmand:speed>1</osmand:speed>
        </extensions>
      </trkpt>
      <trkpt lat="55.6792712" lon="12.591837">
        <ele>40.3</ele>
        <time>2026-02-14T14:13:45Z</time>
        <hdop>4.2</hdop>
        <extensions>
          <osmand:provider>fused</osmand:provider>
          <osmand:speed>0.9</osmand:speed>
        </extensions>
      </trkpt>
      <trkpt lat="55.6792596" lon="12.591882">
        <ele>40.3</ele>
        <time>2026-02-14T14:13:50Z</time>
        <hdop>4.3</hdop>
        <extensions>
          <osmand:provider>fused</osmand:provider>
          <osmand:speed>0.7</osmand:speed>
        </extensions>
      </trkpt>
      <trkpt lat="55.6792336" lon="12.5919717">
        <ele>40.3</ele>
        <time>2026-02-14T14:13:55Z</time>
        <hdop>4.7</hdop>
        <extensions>
          <osmand:provider>fused</osmand:provider>
          <osmand:speed>1.1</osmand:speed>
        </extensions>
      </trkpt>
      <trkpt lat="55.6791981" lon="12.5920661">
        <ele>40.2</ele>
        <time>2026-02-14T14:14:01Z</time>
        <hdop>4.3</hdop>
        <extensions>
          <osmand:provider>fused</osmand:provider>
          <osmand:speed>1</osmand:speed>
        </extensions>
      </trkpt>
      <trkpt lat="55.6791696" lon="12.592142">
        <ele>40.2</ele>
        <time>2026-02-14T14:14:06Z</time>
        <hdop>4</hdop>
        <extensions>
          <osmand:provider>fused</osmand:provider>
          <osmand:speed>1</osmand:speed>
        </extensions>
      </trkpt>
      <trkpt lat="55.6791472" lon="12.5922221">
        <ele>40.2</ele>
        <time>2026-02-14T14:14:12Z</time>
        <hdop>4.1</hdop>
        <extensions>
          <osmand:provider>fused</osmand:provider>
          <osmand:speed>1</osmand:speed>
        </extensions>
      </trkpt>
      <trkpt lat="55.6791246" lon="12.5922933">
        <ele>40.3</ele>
        <time>2026-02-14T14:14:17Z</time>
        <hdop>4.5</hdop>
        <extensions>
          <osmand:provider>fused</osmand:provider>
          <osmand:speed>1</osmand:speed>
        </extensions>
      </trkpt>
      <trkpt lat="55.6790991" lon="12.5923651">
        <ele>40.3</ele>
        <time>2026-02-14T14:14:23Z</time>
        <hdop>5.1</hdop>
        <extensions>
          <osmand:provider>fused</osmand:provider>
          <osmand:speed>1</osmand:speed>
        </extensions>
      </trkpt>
      <trkpt lat="55.6790775" lon="12.5924423">
        <ele>40.3</ele>
        <time>2026-02-14T14:14:28Z</time>
        <hdop>4.8</hdop>
        <extensions>
          <osmand:provider>fused</osmand:provider>
          <osmand:speed>0.9</osmand:speed>
        </extensions>
      </trkpt>
      <trkpt lat="55.6790551" lon="12.5925131">
        <ele>40.2</ele>
        <time>2026-02-14T14:14:33Z</time>
        <hdop>5.2</hdop>
        <extensions>
          <osmand:provider>fused</osmand:provider>
          <osmand:speed>0.9</osmand:speed>
        </extensions>
      </trkpt>
      <trkpt lat="55.6790271" lon="12.59261">
        <ele>40.3</ele>
        <time>2026-02-14T14:14:38Z</time>
        <hdop>5.3</hdop>
        <extensions>
          <osmand:provider>fused</osmand:provider>
          <osmand:speed>1</osmand:speed>
        </extensions>
      </trkpt>
      <trkpt lat="55.6790155" lon="12.5926776">
        <ele>40.2</ele>
        <time>2026-02-14T14:14:44Z</time>
        <hdop>4.8</hdop>
        <extensions>
          <osmand:provider>fused</osmand:provider>
          <osmand:speed>0.9</osmand:speed>
        </extensions>
      </trkpt>
      <trkpt lat="55.6790012" lon="12.592735">
        <ele>40.2</ele>
        <time>2026-02-14T14:14:49Z</time>
        <hdop>4</hdop>
        <extensions>
          <osmand:provider>fused</osmand:provider>
          <osmand:speed>0.9</osmand:speed>
        </extensions>
      </trkpt>
      <trkpt lat="55.6789747" lon="12.592805">
        <ele>40.2</ele>
        <time>2026-02-14T14:14:54Z</time>
        <hdop>4</hdop>
        <extensions>
          <osmand:provider>fused</osmand:provider>
          <osmand:speed>0.8</osmand:speed>
        </extensions>
      </trkpt>
      <trkpt lat="55.6789514" lon="12.5928546">
        <ele>40.2</ele>
        <time>2026-02-14T14:15:00Z</time>
        <hdop>3.7</hdop>
        <extensions>
          <osmand:provider>fused</osmand:provider>
          <osmand:speed>1</osmand:speed>
        </extensions>
      </trkpt>
      <trkpt lat="55.6789279" lon="12.5928907">
        <ele>40</ele>
        <time>2026-02-14T14:15:05Z</time>
        <hdop>4</hdop>
        <extensions>
          <osmand:provider>fused</osmand:provider>
          <osmand:speed>0.9</osmand:speed>
        </extensions>
      </trkpt>
      <trkpt lat="55.6789001" lon="12.5929571">
        <ele>41.2</ele>
        <time>2026-02-14T14:15:10Z</time>
        <hdop>4.5</hdop>
        <extensions>
          <osmand:provider>fused</osmand:provider>
          <osmand:speed>1</osmand:speed>
        </extensions>
      </trkpt>
      <trkpt lat="55.6788832" lon="12.5930522">
        <ele>41.2</ele>
        <time>2026-02-14T14:15:16Z</time>
        <hdop>4.8</hdop>
        <extensions>
          <osmand:provider>fused</osmand:provider>
          <osmand:speed>1</osmand:speed>
        </extensions>
      </trkpt>
      <trkpt lat="55.6788464" lon="12.5931439">
        <ele>42.4</ele>
        <time>2026-02-14T14:15:21Z</time>
        <hdop>4.3</hdop>
        <extensions>
          <osmand:provider>fused</osmand:provider>
          <osmand:speed>1.1</osmand:speed>
        </extensions>
      </trkpt>
      <trkpt lat="55.6788095" lon="12.5932259">
        <ele>42.6</ele>
        <time>2026-02-14T14:15:27Z</time>
        <hdop>4.3</hdop>
        <extensions>
          <osmand:provider>fused</osmand:provider>
          <osmand:speed>1.1</osmand:speed>
        </extensions>
      </trkpt>
      <trkpt lat="55.6787847" lon="12.5933196">
        <ele>42.6</ele>
        <time>2026-02-14T14:15:32Z</time>
        <hdop>4.6</hdop>
        <extensions>
          <osmand:provider>fused</osmand:provider>
          <osmand:speed>1.2</osmand:speed>
        </extensions>
      </trkpt>
      <trkpt lat="55.6787336" lon="12.5934366">
        <ele>40.8</ele>
        <time>2026-02-14T14:15:38Z</time>
        <hdop>4.8</hdop>
        <extensions>
          <osmand:provider>fused</osmand:provider>
          <osmand:speed>1.2</osmand:speed>
        </extensions>
      </trkpt>
      <trkpt lat="55.6787087" lon="12.5934986">
        <ele>42.8</ele>
        <time>2026-02-14T14:15:43Z</time>
        <hdop>4.6</hdop>
        <extensions>
          <osmand:provider>fused</osmand:provider>
          <osmand:speed>1.1</osmand:speed>
        </extensions>
      </trkpt>
      <trkpt lat="55.6786813" lon="12.5935319">
        <ele>43.7</ele>
        <time>2026-02-14T14:15:48Z</time>
        <hdop>4.3</hdop>
        <extensions>
          <osmand:provider>fused</osmand:provider>
          <osmand:speed>1.1</osmand:speed>
        </extensions>
      </trkpt>
      <trkpt lat="55.6786681" lon="12.5935769">
        <ele>43.7</ele>
        <time>2026-02-14T14:15:53Z</time>
        <hdop>4.2</hdop>
        <extensions>
          <osmand:provider>fused</osmand:provider>
          <osmand:speed>1</osmand:speed>
        </extensions>
      </trkpt>
      <trkpt lat="55.6786491" lon="12.5935867">
        <ele>40.8</ele>
        <time>2026-02-14T14:15:58Z</time>
        <hdop>6.7</hdop>
        <extensions>
          <osmand:provider>fused</osmand:provider>
          <osmand:speed>1.1</osmand:speed>
        </extensions>
      </trkpt>
      <trkpt lat="55.6786074" lon="12.5936834">
        <ele>41.2</ele>
        <time>2026-02-14T14:16:03Z</time>
        <hdop>7.2</hdop>
        <extensions>
          <osmand:provider>fused</osmand:provider>
          <osmand:speed>0.9</osmand:speed>
        </extensions>
      </trkpt>
      <trkpt lat="55.6786007" lon="12.5937192">
        <ele>41.8</ele>
        <time>2026-02-14T14:17:04Z</time>
        <hdop>3.8</hdop>
        <extensions>
          <osmand:provider>fused</osmand:provider>
          <osmand:speed>0.6</osmand:speed>
        </extensions>
      </trkpt>
      <trkpt lat="55.6785695" lon="12.593734">
        <ele>40.8</ele>
        <time>2026-02-14T14:17:09Z</time>
        <hdop>6.2</hdop>
        <extensions>
          <osmand:provider>fused</osmand:provider>
          <osmand:speed>1</osmand:speed>
        </extensions>
      </trkpt>
      <trkpt lat="55.6785345" lon="12.5938551">
        <ele>40.8</ele>
        <time>2026-02-14T14:17:14Z</time>
        <hdop>8.1</hdop>
        <extensions>
          <osmand:provider>fused</osmand:provider>
          <osmand:speed>1.3</osmand:speed>
        </extensions>
      </trkpt>
      <trkpt lat="55.6785366" lon="12.5939254">
        <ele>41.9</ele>
        <time>2026-02-14T14:17:20Z</time>
        <hdop>6.4</hdop>
        <extensions>
          <osmand:provider>fused</osmand:provider>
          <osmand:speed>1.1</osmand:speed>
        </extensions>
      </trkpt>
      <trkpt lat="55.6785473" lon="12.5940718">
        <ele>40.4</ele>
        <time>2026-02-14T14:17:25Z</time>
        <hdop>6.1</hdop>
        <extensions>
          <osmand:provider>fused</osmand:provider>
          <osmand:speed>1.4</osmand:speed>
        </extensions>
      </trkpt>
      <trkpt lat="55.6785552" lon="12.5941634">
        <ele>40.4</ele>
        <time>2026-02-14T14:17:30Z</time>
        <hdop>6.5</hdop>
        <extensions>
          <osmand:provider>fused</osmand:provider>
          <osmand:speed>1.3</osmand:speed>
        </extensions>
      </trkpt>
      <trkpt lat="55.678536" lon="12.5942849">
        <ele>40.5</ele>
        <time>2026-02-14T14:17:35Z</time>
        <hdop>6.5</hdop>
        <extensions>
          <osmand:provider>fused</osmand:provider>
          <osmand:speed>1.3</osmand:speed>
        </extensions>
      </trkpt>
      <trkpt lat="55.6785027" lon="12.5943907">
        <ele>41.8</ele>
        <time>2026-02-14T14:17:41Z</time>
        <hdop>3.1</hdop>
        <extensions>
          <osmand:provider>fused</osmand:provider>
          <osmand:speed>0.7</osmand:speed>
        </extensions>
      </trkpt>
      <trkpt lat="55.6785067" lon="12.59443">
        <ele>40.8</ele>
        <time>2026-02-14T14:18:57Z</time>
        <hdop>3.8</hdop>
        <extensions>
          <osmand:provider>fused</osmand:provider>
          <osmand:speed>0.4</osmand:speed>
        </extensions>
      </trkpt>
      <trkpt lat="55.6785004" lon="12.5944617">
        <ele>40.8</ele>
        <time>2026-02-14T14:20:25Z</time>
        <hdop>3.8</hdop>
        <extensions>
          <osmand:provider>fused</osmand:provider>
          <osmand:speed>0.3</osmand:speed>
        </extensions>
      </trkpt>
      <trkpt lat="55.6784812" lon="12.5944829">
        <ele>43.1</ele>
        <time>2026-02-14T14:21:08Z</time>
        <hdop>4.9</hdop>
        <extensions>
          <osmand:provider>fused</osmand:provider>
          <osmand:speed>0.3</osmand:speed>
        </extensions>
      </trkpt>
      <trkpt lat="55.6784592" lon="12.594571">
        <ele>41.8</ele>
        <time>2026-02-14T14:21:14Z</time>
        <hdop>6.6</hdop>
        <extensions>
          <osmand:provider>fused</osmand:provider>
          <osmand:speed>1</osmand:speed>
        </extensions>
      </trkpt>
      <trkpt lat="55.6784609" lon="12.5947083">
        <ele>40.6</ele>
        <time>2026-02-14T14:21:19Z</time>
        <hdop>4.9</hdop>
        <extensions>
          <osmand:provider>fused</osmand:provider>
          <osmand:speed>1</osmand:speed>
        </extensions>
      </trkpt>
      <trkpt lat="55.6784521" lon="12.5947769">
        <ele>40.8</ele>
        <time>2026-02-14T14:21:24Z</time>
        <hdop>3.4</hdop>
        <extensions>
          <osmand:provider>fused</osmand:provider>
          <osmand:speed>0.8</osmand:speed>
        </extensions>
      </trkpt>
      <trkpt lat="55.6784449" lon="12.5948485">
        <ele>40.8</ele>
        <time>2026-02-14T14:21:30Z</time>
        <hdop>3.5</hdop>
        <extensions>
          <osmand:provider>fused</osmand:provider>
          <osmand:speed>0.9</osmand:speed>
        </extensions>
      </trkpt>
      <trkpt lat="55.6784279" lon="12.5949288">
        <ele>40.8</ele>
        <time>2026-02-14T14:21:35Z</time>
        <hdop>3.8</hdop>
        <extensions>
          <osmand:provider>fused</osmand:provider>
          <osmand:speed>1</osmand:speed>
        </extensions>
      </trkpt>
      <trkpt lat="55.6784245" lon="12.5950203">
        <ele>40.8</ele>
        <time>2026-02-14T14:21:41Z</time>
        <hdop>3</hdop>
        <extensions>
          <osmand:provider>fused</osmand:provider>
          <osmand:speed>1</osmand:speed>
        </extensions>
      </trkpt>
      <trkpt lat="55.6784164" lon="12.5951048">
        <ele>40.8</ele>
        <time>2026-02-14T14:21:46Z</time>
        <hdop>3</hdop>
        <extensions>
          <osmand:provider>fused</osmand:provider>
          <osmand:speed>1</osmand:speed>
        </extensions>
      </trkpt>
      <trkpt lat="55.678406" lon="12.5951903">
        <ele>43.1</ele>
        <time>2026-02-14T14:21:52Z</time>
        <hdop>3</hdop>
        <extensions>
          <osmand:provider>fused</osmand:provider>
          <osmand:speed>0.9</osmand:speed>
        </extensions>
      </trkpt>
      <trkpt lat="55.6784038" lon="12.5952602">
        <ele>43.1</ele>
        <time>2026-02-14T14:21:57Z</time>
        <hdop>3</hdop>
        <extensions>
          <osmand:provider>fused</osmand:provider>
          <osmand:speed>0.9</osmand:speed>
        </extensions>
      </trkpt>
      <trkpt lat="55.6783968" lon="12.5953356">
        <ele>40.4</ele>
        <time>2026-02-14T14:22:02Z</time>
        <hdop>3</hdop>
        <extensions>
          <osmand:provider>fused</osmand:provider>
          <osmand:speed>0.9</osmand:speed>
        </extensions>
      </trkpt>
      <trkpt lat="55.6783857" lon="12.5954136">
        <ele>40.4</ele>
        <time>2026-02-14T14:22:08Z</time>
        <hdop>3</hdop>
        <extensions>
          <osmand:provider>fused</osmand:provider>
          <osmand:speed>0.7</osmand:speed>
        </extensions>
      </trkpt>
      <trkpt lat="55.6783431" lon="12.5954717">
        <ele>40.8</ele>
        <time>2026-02-14T14:22:13Z</time>
        <hdop>3.2</hdop>
        <extensions>
          <osmand:provider>fused</osmand:provider>
          <osmand:speed>1</osmand:speed>
        </extensions>
      </trkpt>
      <trkpt lat="55.6783014" lon="12.5955055">
        <ele>40.8</ele>
        <time>2026-02-14T14:22:18Z</time>
        <hdop>3.7</hdop>
        <extensions>
          <osmand:provider>fused</osmand:provider>
          <osmand:speed>1.2</osmand:speed>
        </extensions>
      </trkpt>
      <trkpt lat="55.6782987" lon="12.5956003">
        <ele>40.1</ele>
        <time>2026-02-14T14:22:23Z</time>
        <hdop>3.8</hdop>
        <extensions>
          <osmand:provider>fused</osmand:provider>
          <osmand:speed>0.9</osmand:speed>
        </extensions>
      </trkpt>
      <trkpt lat="55.6782814" lon="12.5956836">
        <ele>40.1</ele>
        <time>2026-02-14T14:22:29Z</time>
        <hdop>4.2</hdop>
        <extensions>
          <osmand:provider>fused</osmand:provider>
          <osmand:speed>0.9</osmand:speed>
        </extensions>
      </trkpt>
      <trkpt lat="55.678263" lon="12.5957726">
        <ele>40.8</ele>
        <time>2026-02-14T14:22:34Z</time>
        <hdop>4.4</hdop>
        <extensions>
          <osmand:provider>fused</osmand:provider>
          <osmand:speed>1</osmand:speed>
        </extensions>
      </trkpt>
      <trkpt lat="55.6782411" lon="12.5958171">
        <ele>40.5</ele>
        <time>2026-02-14T14:22:39Z</time>
        <hdop>4.5</hdop>
        <extensions>
          <osmand:provider>fused</osmand:provider>
          <osmand:speed>1.1</osmand:speed>
        </extensions>
      </trkpt>
      <trkpt lat="55.6782203" lon="12.5958659">
        <ele>40.4</ele>
        <time>2026-02-14T14:22:45Z</time>
        <hdop>6.6</hdop>
        <extensions>
          <osmand:provider>fused</osmand:provider>
          <osmand:speed>1</osmand:speed>
        </extensions>
      </trkpt>
      <trkpt lat="55.6782144" lon="12.5959892">
        <ele>40.7</ele>
        <time>2026-02-14T14:22:50Z</time>
        <hdop>5.2</hdop>
        <extensions>
          <osmand:provider>fused</osmand:provider>
          <osmand:speed>0.9</osmand:speed>
        </extensions>
      </trkpt>
      <trkpt lat="55.6782056" lon="12.5960723">
        <ele>40.6</ele>
        <time>2026-02-14T14:22:55Z</time>
        <hdop>5.7</hdop>
        <extensions>
          <osmand:provider>fused</osmand:provider>
          <osmand:speed>0.9</osmand:speed>
        </extensions>
      </trkpt>
      <trkpt lat="55.6781974" lon="12.596178">
        <ele>40.6</ele>
        <time>2026-02-14T14:23:01Z</time>
        <hdop>4.3</hdop>
        <extensions>
          <osmand:provider>fused</osmand:provider>
          <osmand:speed>0.8</osmand:speed>
        </extensions>
      </trkpt>
      <trkpt lat="55.6781924" lon="12.596262">
        <ele>40.5</ele>
        <time>2026-02-14T14:23:06Z</time>
        <hdop>3</hdop>
        <extensions>
          <osmand:provider>fused</osmand:provider>
          <osmand:speed>0.8</osmand:speed>
        </extensions>
      </trkpt>
      <trkpt lat="55.6781888" lon="12.5963281">
        <ele>40.1</ele>
        <time>2026-02-14T14:23:11Z</time>
        <hdop>3</hdop>
        <extensions>
          <osmand:provider>fused</osmand:provider>
          <osmand:speed>0.6</osmand:speed>
        </extensions>
      </trkpt>
      <trkpt lat="55.6781789" lon="12.5963734">
        <ele>40.2</ele>
        <time>2026-02-14T14:23:17Z</time>
        <hdop>3.9</hdop>
        <extensions>
          <osmand:provider>fused</osmand:provider>
          <osmand:speed>0.7</osmand:speed>
        </extensions>
      </trkpt>
      <trkpt lat="55.6781628" lon="12.5964531">
        <ele>40.1</ele>
        <time>2026-02-14T14:23:22Z</time>
        <hdop>4.4</hdop>
        <extensions>
          <osmand:provider>fused</osmand:provider>
          <osmand:speed>1</osmand:speed>
        </extensions>
      </trkpt>
      <trkpt lat="55.6781573" lon="12.5964957">
        <ele>40.1</ele>
        <time>2026-02-14T14:23:27Z</time>
        <hdop>5.2</hdop>
        <extensions>
          <osmand:provider>fused</osmand:provider>
          <osmand:speed>0.9</osmand:speed>
        </extensions>
      </trkpt>
      <trkpt lat="55.6781492" lon="12.5965852">
        <ele>40.2</ele>
        <time>2026-02-14T14:23:32Z</time>
        <hdop>6.2</hdop>
        <extensions>
          <osmand:provider>fused</osmand:provider>
          <osmand:speed>0.7</osmand:speed>
        </extensions>
      </trkpt>
      <trkpt lat="55.6781543" lon="12.5966631">
        <ele>40.2</ele>
        <time>2026-02-14T14:23:37Z</time>
        <hdop>5.2</hdop>
        <extensions>
          <osmand:provider>fused</osmand:provider>
          <osmand:speed>0.8</osmand:speed>
        </extensions>
      </trkpt>
      <trkpt lat="55.6781602" lon="12.5967424">
        <ele>40.2</ele>
        <time>2026-02-14T14:23:42Z</time>
        <hdop>4.3</hdop>
        <extensions>
          <osmand:provider>fused</osmand:provider>
          <osmand:speed>0.8</osmand:speed>
        </extensions>
      </trkpt>
      <trkpt lat="55.6781574" lon="12.5967898">
        <ele>40.2</ele>
        <time>2026-02-14T14:23:48Z</time>
        <hdop>4</hdop>
        <extensions>
          <osmand:provider>fused</osmand:provider>
          <osmand:speed>0.5</osmand:speed>
        </extensions>
      </trkpt>
      <trkpt lat="55.6781107" lon="12.5968479">
        <ele>40.2</ele>
        <time>2026-02-14T14:25:09Z</time>
        <hdop>4.5</hdop>
        <extensions>
          <osmand:provider>fused</osmand:provider>
          <osmand:speed>0.5</osmand:speed>
        </extensions>
      </trkpt>
      <trkpt lat="55.678127" lon="12.596932">
        <ele>40.2</ele>
        <time>2026-02-14T14:25:15Z</time>
        <hdop>5.2</hdop>
        <extensions>
          <osmand:provider>fused</osmand:provider>
          <osmand:speed>0.8</osmand:speed>
        </extensions>
      </trkpt>
      <trkpt lat="55.6781322" lon="12.5970068">
        <ele>40.2</ele>
        <time>2026-02-14T14:25:20Z</time>
        <hdop>7.1</hdop>
        <extensions>
          <osmand:provider>fused</osmand:provider>
          <osmand:speed>0.8</osmand:speed>
        </extensions>
      </trkpt>
      <trkpt lat="55.6781069" lon="12.5970528">
        <ele>40.2</ele>
        <time>2026-02-14T14:25:26Z</time>
        <hdop>5.6</hdop>
        <extensions>
          <osmand:provider>fused</osmand:provider>
          <osmand:speed>0.7</osmand:speed>
        </extensions>
      </trkpt>
      <trkpt lat="55.6780795" lon="12.5971207">
        <ele>40.2</ele>
        <time>2026-02-14T14:25:31Z</time>
        <hdop>4.4</hdop>
        <extensions>
          <osmand:provider>fused</osmand:provider>
          <osmand:speed>0.8</osmand:speed>
        </extensions>
      </trkpt>
      <trkpt lat="55.6780529" lon="12.5971967">
        <ele>40.1</ele>
        <time>2026-02-14T14:25:37Z</time>
        <hdop>3.9</hdop>
        <extensions>
          <osmand:provider>fused</osmand:provider>
          <osmand:speed>0.9</osmand:speed>
        </extensions>
      </trkpt>
      <trkpt lat="55.6780384" lon="12.5972563">
        <ele>40.1</ele>
        <time>2026-02-14T14:25:42Z</time>
        <hdop>3.7</hdop>
        <extensions>
          <osmand:provider>fused</osmand:provider>
          <osmand:speed>0.8</osmand:speed>
        </extensions>
      </trkpt>
      <trkpt lat="55.67802" lon="12.5973094">
        <ele>40.1</ele>
        <time>2026-02-14T14:25:47Z</time>
        <hdop>3.8</hdop>
        <extensions>
          <osmand:provider>fused</osmand:provider>
          <osmand:speed>0.7</osmand:speed>
        </extensions>
      </trkpt>
      <trkpt lat="55.677987" lon="12.5973889">
        <ele>40.2</ele>
        <time>2026-02-14T14:25:52Z</time>
        <hdop>4.3</hdop>
        <extensions>
          <osmand:provider>fused</osmand:provider>
          <osmand:speed>1</osmand:speed>
        </extensions>
      </trkpt>
      <trkpt lat="55.6779517" lon="12.5974841">
        <ele>40.1</ele>
        <time>2026-02-14T14:25:58Z</time>
        <hdop>4.1</hdop>
        <extensions>
          <osmand:provider>fused</osmand:provider>
          <osmand:speed>1</osmand:speed>
        </extensions>
      </trkpt>
      <trkpt lat="55.6779254" lon="12.597549">
        <ele>40.1</ele>
        <time>2026-02-14T14:26:03Z</time>
        <hdop>3.9</hdop>
        <extensions>
          <osmand:provider>fused</osmand:provider>
          <osmand:speed>0.9</osmand:speed>
        </extensions>
      </trkpt>
      <trkpt lat="55.6779046" lon="12.5976005">
        <ele>40.1</ele>
        <time>2026-02-14T14:26:09Z</time>
        <hdop>4.1</hdop>
        <extensions>
          <osmand:provider>fused</osmand:provider>
          <osmand:speed>0.5</osmand:speed>
        </extensions>
      </trkpt>
      <trkpt lat="55.6779008" lon="12.5976517">
        <ele>40.1</ele>
        <time>2026-02-14T14:26:44Z</time>
        <hdop>3.8</hdop>
        <extensions>
          <osmand:provider>fused</osmand:provider>
          <osmand:speed>1.1</osmand:speed>
        </extensions>
      </trkpt>
      <trkpt lat="55.6778715" lon="12.5976977">
        <ele>40</ele>
        <time>2026-02-14T14:26:49Z</time>
        <hdop>8.3</hdop>
        <extensions>
          <osmand:provider>fused</osmand:provider>
          <osmand:speed>0.3</osmand:speed>
        </extensions>
      </trkpt>
      <trkpt lat="55.6778502" lon="12.5977854">
        <ele>40</ele>
        <time>2026-02-14T14:26:54Z</time>
        <hdop>9</hdop>
        <extensions>
          <osmand:provider>fused</osmand:provider>
          <osmand:speed>0.9</osmand:speed>
        </extensions>
      </trkpt>
      <trkpt lat="55.6778258" lon="12.5978271">
        <ele>40</ele>
        <time>2026-02-14T14:27:00Z</time>
        <hdop>4.4</hdop>
        <extensions>
          <osmand:provider>fused</osmand:provider>
          <osmand:speed>0.9</osmand:speed>
        </extensions>
      </trkpt>
      <trkpt lat="55.6778059" lon="12.5978835">
        <ele>42.1</ele>
        <time>2026-02-14T14:27:05Z</time>
        <hdop>4</hdop>
        <extensions>
          <osmand:provider>fused</osmand:provider>
          <osmand:speed>0.9</osmand:speed>
        </extensions>
      </trkpt>
      <trkpt lat="55.6777792" lon="12.5979785">
        <ele>40.4</ele>
        <time>2026-02-14T14:27:10Z</time>
        <hdop>4.5</hdop>
        <extensions>
          <osmand:provider>fused</osmand:provider>
          <osmand:speed>0.9</osmand:speed>
        </extensions>
      </trkpt>
      <trkpt lat="55.6777464" lon="12.5980708">
        <ele>40.5</ele>
        <time>2026-02-14T14:27:15Z</time>
        <hdop>4.3</hdop>
        <extensions>
          <osmand:provider>fused</osmand:provider>
          <osmand:speed>0.9</osmand:speed>
        </extensions>
      </trkpt>
      <trkpt lat="55.677728" lon="12.5981385">
        <ele>40.5</ele>
        <time>2026-02-14T14:27:21Z</time>
        <hdop>4.6</hdop>
        <extensions>
          <osmand:provider>fused</osmand:provider>
          <osmand:speed>0.9</osmand:speed>
        </extensions>
      </trkpt>
      <trkpt lat="55.6777049" lon="12.5981931">
        <ele>40.5</ele>
        <time>2026-02-14T14:27:26Z</time>
        <hdop>5.9</hdop>
        <extensions>
          <osmand:provider>fused</osmand:provider>
          <osmand:speed>1</osmand:speed>
        </extensions>
      </trkpt>
      <trkpt lat="55.6776493" lon="12.5982601">
        <ele>44.8</ele>
        <time>2026-02-14T14:27:31Z</time>
        <hdop>8.4</hdop>
        <extensions>
          <osmand:provider>fused</osmand:provider>
          <osmand:speed>1.1</osmand:speed>
        </extensions>
      </trkpt>
      <trkpt lat="55.6776322" lon="12.5983647">
        <ele>52.5</ele>
        <time>2026-02-14T14:27:37Z</time>
        <hdop>7.8</hdop>
        <extensions>
          <osmand:provider>fused</osmand:provider>
          <osmand:speed>1</osmand:speed>
        </extensions>
      </trkpt>
      <trkpt lat="55.6776633" lon="12.5984524">
        <ele>52.5</ele>
        <time>2026-02-14T14:27:42Z</time>
        <hdop>6.9</hdop>
        <extensions>
          <osmand:provider>fused</osmand:provider>
          <osmand:speed>0.9</osmand:speed>
        </extensions>
      </trkpt>
      <trkpt lat="55.6776591" lon="12.5985353">
        <ele>45.5</ele>
        <time>2026-02-14T14:27:48Z</time>
        <hdop>7.4</hdop>
        <extensions>
          <osmand:provider>fused</osmand:provider>
          <osmand:speed>0.7</osmand:speed>
        </extensions>
      </trkpt>
      <trkpt lat="55.6776522" lon="12.5985974">
        <ele>46.2</ele>
        <time>2026-02-14T14:27:53Z</time>
        <hdop>5.7</hdop>
        <extensions>
          <osmand:provider>fused</osmand:provider>
          <osmand:speed>0.9</osmand:speed>
        </extensions>
      </trkpt>
      <trkpt lat="55.6776363" lon="12.5986808">
        <ele>46.2</ele>
        <time>2026-02-14T14:27:58Z</time>
        <hdop>4.6</hdop>
        <extensions>
          <osmand:provider>fused</osmand:provider>
          <osmand:speed>1</osmand:speed>
        </extensions>
      </trkpt>
      <trkpt lat="55.6776331" lon="12.5987522">
        <ele>46.2</ele>
        <time>2026-02-14T14:28:04Z</time>
        <hdop>5.5</hdop>
        <extensions>
          <osmand:provider>fused</osmand:provider>
          <osmand:speed>1</osmand:speed>
        </extensions>
      </trkpt>
      <trkpt lat="55.6776182" lon="12.5988617">
        <ele>52.5</ele>
        <time>2026-02-14T14:28:09Z</time>
        <hdop>6.5</hdop>
        <extensions>
          <osmand:provider>fused</osmand:provider>
          <osmand:speed>1</osmand:speed>
        </extensions>
      </trkpt>
      <trkpt lat="55.6776111" lon="12.5989439">
        <ele>41.4</ele>
        <time>2026-02-14T14:28:14Z</time>
        <hdop>4</hdop>
        <extensions>
          <osmand:provider>fused</osmand:provider>
          <osmand:speed>1.1</osmand:speed>
        </extensions>
      </trkpt>
      <trkpt lat="55.6776178" lon="12.5990136">
        <ele>41.4</ele>
        <time>2026-02-14T14:28:19Z</time>
        <hdop>6.9</hdop>
        <extensions>
          <osmand:provider>fused</osmand:provider>
          <osmand:speed>0.8</osmand:speed>
        </extensions>
      </trkpt>
      <trkpt lat="55.6776631" lon="12.5991124">
        <ele>40.3</ele>
        <time>2026-02-14T14:28:24Z</time>
        <hdop>5.9</hdop>
        <extensions>
          <osmand:provider>fused</osmand:provider>
          <osmand:speed>1</osmand:speed>
        </extensions>
      </trkpt>
      <trkpt lat="55.677703" lon="12.5991712">
        <ele>40.3</ele>
        <time>2026-02-14T14:28:30Z</time>
        <hdop>5</hdop>
        <extensions>
          <osmand:provider>fused</osmand:provider>
          <osmand:speed>1</osmand:speed>
        </extensions>
      </trkpt>
      <trkpt lat="55.6777431" lon="12.5992649">
        <ele>40.1</ele>
        <time>2026-02-14T14:28:35Z</time>
        <hdop>5</hdop>
        <extensions>
          <osmand:provider>fused</osmand:provider>
          <osmand:speed>1</osmand:speed>
        </extensions>
      </trkpt>
      <trkpt lat="55.6777743" lon="12.5993289">
        <ele>40.3</ele>
        <time>2026-02-14T14:28:41Z</time>
        <hdop>3.4</hdop>
        <extensions>
          <osmand:provider>fused</osmand:provider>
          <osmand:speed>0.9</osmand:speed>
        </extensions>
      </trkpt>
      <trkpt lat="55.6777916" lon="12.5993558">
        <ele>46.2</ele>
        <time>2026-02-14T14:28:46Z</time>
        <hdop>3.6</hdop>
        <extensions>
          <osmand:provider>fused</osmand:provider>
          <osmand:speed>1.1</osmand:speed>
        </extensions>
      </trkpt>
      <trkpt lat="55.6778206" lon="12.5994032">
        <ele>46.2</ele>
        <time>2026-02-14T14:28:51Z</time>
        <hdop>5.8</hdop>
        <extensions>
          <osmand:provider>fused</osmand:provider>
          <osmand:speed>0.8</osmand:speed>
        </extensions>
      </trkpt>
      <trkpt lat="55.6778492" lon="12.5994585">
        <ele>51.6</ele>
        <time>2026-02-14T14:28:56Z</time>
        <hdop>4.3</hdop>
        <extensions>
          <osmand:provider>fused</osmand:provider>
          <osmand:speed>0.5</osmand:speed>
        </extensions>
      </trkpt>
      <trkpt lat="55.677865" lon="12.5994854">
        <ele>51.6</ele>
        <time>2026-02-14T14:29:02Z</time>
        <hdop>3.7</hdop>
        <extensions>
          <osmand:provider>fused</osmand:provider>
          <osmand:speed>0.5</osmand:speed>
        </extensions>
      </trkpt>
      <trkpt lat="55.6779225" lon="12.5995337">
        <ele>41.4</ele>
        <time>2026-02-14T14:29:08Z</time>
        <hdop>3.6</hdop>
        <extensions>
          <osmand:provider>fused</osmand:provider>
          <osmand:speed>0.8</osmand:speed>
        </extensions>
      </trkpt>
      <trkpt lat="55.6779409" lon="12.5995398">
        <ele>40.6</ele>
        <time>2026-02-14T14:29:19Z</time>
        <hdop>3.3</hdop>
        <extensions>
          <osmand:provider>fused</osmand:provider>
          <osmand:speed>0.6</osmand:speed>
        </extensions>
      </trkpt>
      <trkpt lat="55.6779594" lon="12.5995701">
        <ele>40.7</ele>
        <time>2026-02-14T14:29:30Z</time>
        <hdop>3.1</hdop>
        <extensions>
          <osmand:provider>fused</osmand:provider>
          <osmand:speed>0.7</osmand:speed>
        </extensions>
      </trkpt>
      <trkpt lat="55.6780196" lon="12.5996246">
        <ele>40.6</ele>
        <time>2026-02-14T14:29:36Z</time>
        <hdop>4.7</hdop>
        <extensions>
          <osmand:provider>fused</osmand:provider>
          <osmand:speed>1.1</osmand:speed>
        </extensions>
      </trkpt>
      <trkpt lat="55.6780555" lon="12.5996846">
        <ele>40.6</ele>
        <time>2026-02-14T14:29:41Z</time>
        <hdop>3.9</hdop>
        <extensions>
          <osmand:provider>fused</osmand:provider>
          <osmand:speed>0.9</osmand:speed>
        </extensions>
      </trkpt>
      <trkpt lat="55.678099" lon="12.5997053">
        <ele>40.6</ele>
        <time>2026-02-14T14:29:46Z</time>
        <hdop>3</hdop>
        <extensions>
          <osmand:provider>fused</osmand:provider>
          <osmand:speed>1</osmand:speed>
        </extensions>
      </trkpt>
      <trkpt lat="55.6781451" lon="12.599732">
        <ele>40.1</ele>
        <time>2026-02-14T14:29:52Z</time>
        <hdop>3</hdop>
        <extensions>
          <osmand:provider>fused</osmand:provider>
          <osmand:speed>0.9</osmand:speed>
        </extensions>
      </trkpt>
      <trkpt lat="55.6781918" lon="12.5997782">
        <ele>40.1</ele>
        <time>2026-02-14T14:29:57Z</time>
        <hdop>3</hdop>
        <extensions>
          <osmand:provider>fused</osmand:provider>
          <osmand:speed>0.8</osmand:speed>
        </extensions>
      </trkpt>
      <trkpt lat="55.6782358" lon="12.5998305">
        <ele>40</ele>
        <time>2026-02-14T14:30:03Z</time>
        <hdop>3</hdop>
        <extensions>
          <osmand:provider>fused</osmand:provider>
          <osmand:speed>0.9</osmand:speed>
        </extensions>
      </trkpt>
      <trkpt lat="55.6782679" lon="12.5998632">
        <ele>40.1</ele>
        <time>2026-02-14T14:30:08Z</time>
        <hdop>3</hdop>
        <extensions>
          <osmand:provider>fused</osmand:provider>
          <osmand:speed>0.7</osmand:speed>
        </extensions>
      </trkpt>
      <trkpt lat="55.6783018" lon="12.5998818">
        <ele>40.1</ele>
        <time>2026-02-14T14:30:13Z</time>
        <hdop>3</hdop>
        <extensions>
          <osmand:provider>fused</osmand:provider>
          <osmand:speed>0.8</osmand:speed>
        </extensions>
      </trkpt>
      <trkpt lat="55.6783442" lon="12.5999146">
        <ele>40.2</ele>
        <time>2026-02-14T14:30:19Z</time>
        <hdop>3</hdop>
        <extensions>
          <osmand:provider>fused</osmand:provider>
          <osmand:speed>1</osmand:speed>
        </extensions>
      </trkpt>
      <trkpt lat="55.6783889" lon="12.5999479">
        <ele>40</ele>
        <time>2026-02-14T14:30:24Z</time>
        <hdop>3.6</hdop>
        <extensions>
          <osmand:provider>fused</osmand:provider>
          <osmand:speed>1</osmand:speed>
        </extensions>
      </trkpt>
      <trkpt lat="55.6784283" lon="12.5999838">
        <ele>40</ele>
        <time>2026-02-14T14:30:29Z</time>
        <hdop>3.7</hdop>
        <extensions>
          <osmand:provider>fused</osmand:provider>
          <osmand:speed>1</osmand:speed>
        </extensions>
      </trkpt>
      <trkpt lat="55.6784743" lon="12.6000193">
        <ele>40.1</ele>
        <time>2026-02-14T14:30:35Z</time>
        <hdop>4</hdop>
        <extensions>
          <osmand:provider>fused</osmand:provider>
          <osmand:speed>0.8</osmand:speed>
        </extensions>
      </trkpt>
      <trkpt lat="55.6785253" lon="12.6000537">
        <ele>40.1</ele>
        <time>2026-02-14T14:30:40Z</time>
        <hdop>4.5</hdop>
        <extensions>
          <osmand:provider>fused</osmand:provider>
          <osmand:speed>0.9</osmand:speed>
        </extensions>
      </trkpt>
      <trkpt lat="55.6785672" lon="12.6000862">
        <ele>40.1</ele>
        <time>2026-02-14T14:30:45Z</time>
        <hdop>5</hdop>
        <extensions>
          <osmand:provider>fused</osmand:provider>
          <osmand:speed>0.9</osmand:speed>
        </extensions>
      </trkpt>
      <trkpt lat="55.6786102" lon="12.6001349">
        <ele>40.1</ele>
        <time>2026-02-14T14:30:51Z</time>
        <hdop>5.7</hdop>
        <extensions>
          <osmand:provider>fused</osmand:provider>
          <osmand:speed>1</osmand:speed>
        </extensions>
      </trkpt>
      <trkpt lat="55.6786616" lon="12.6001699">
        <ele>40.1</ele>
        <time>2026-02-14T14:30:56Z</time>
        <hdop>5.5</hdop>
        <extensions>
          <osmand:provider>fused</osmand:provider>
          <osmand:speed>0.9</osmand:speed>
        </extensions>
      </trkpt>
      <trkpt lat="55.6787299" lon="12.6002278">
        <ele>40.1</ele>
        <time>2026-02-14T14:31:02Z</time>
        <hdop>5.2</hdop>
        <extensions>
          <osmand:provider>fused</osmand:provider>
          <osmand:speed>0.7</osmand:speed>
        </extensions>
      </trkpt>
      <trkpt lat="55.6787755" lon="12.6002761">
        <ele>40</ele>
        <time>2026-02-14T14:31:08Z</time>
        <hdop>4.9</hdop>
        <extensions>
          <osmand:provider>fused</osmand:provider>
          <osmand:speed>0.8</osmand:speed>
        </extensions>
      </trkpt>
      <trkpt lat="55.6788178" lon="12.6003137">
        <ele>40.1</ele>
        <time>2026-02-14T14:31:14Z</time>
        <hdop>4.8</hdop>
        <extensions>
          <osmand:provider>fused</osmand:provider>
          <osmand:speed>0.9</osmand:speed>
        </extensions>
      </trkpt>
      <trkpt lat="55.678854" lon="12.6003449">
        <ele>40.1</ele>
        <time>2026-02-14T14:31:19Z</time>
        <hdop>5.2</hdop>
        <extensions>
          <osmand:provider>fused</osmand:provider>
          <osmand:speed>0.8</osmand:speed>
        </extensions>
      </trkpt>
      <trkpt lat="55.6789161" lon="12.6003875">
        <ele>40</ele>
        <time>2026-02-14T14:31:24Z</time>
        <hdop>5.3</hdop>
        <extensions>
          <osmand:provider>fused</osmand:provider>
          <osmand:speed>0.9</osmand:speed>
        </extensions>
      </trkpt>
      <trkpt lat="55.6789583" lon="12.6004191">
        <ele>40.1</ele>
        <time>2026-02-14T14:31:29Z</time>
        <hdop>5.5</hdop>
        <extensions>
          <osmand:provider>fused</osmand:provider>
          <osmand:speed>0.9</osmand:speed>
        </extensions>
      </trkpt>
      <trkpt lat="55.6790044" lon="12.6004474">
        <ele>40.1</ele>
        <time>2026-02-14T14:31:35Z</time>
        <hdop>5.4</hdop>
        <extensions>
          <osmand:provider>fused</osmand:provider>
          <osmand:speed>0.9</osmand:speed>
        </extensions>
      </trkpt>
      <trkpt lat="55.6790396" lon="12.6004683">
        <ele>40.1</ele>
        <time>2026-02-14T14:31:40Z</time>
        <hdop>5.5</hdop>
        <extensions>
          <osmand:provider>fused</osmand:provider>
          <osmand:speed>0.9</osmand:speed>
        </extensions>
      </trkpt>
      <trkpt lat="55.6790655" lon="12.6004894">
        <ele>40.1</ele>
        <time>2026-02-14T14:31:46Z</time>
        <hdop>5.8</hdop>
        <extensions>
          <osmand:provider>fused</osmand:provider>
          <osmand:speed>0.8</osmand:speed>
        </extensions>
      </trkpt>
      <trkpt lat="55.6790936" lon="12.600519">
        <ele>40</ele>
        <time>2026-02-14T14:31:51Z</time>
        <hdop>5</hdop>
        <extensions>
          <osmand:provider>fused</osmand:provider>
          <osmand:speed>1</osmand:speed>
        </extensions>
      </trkpt>
      <trkpt lat="55.6791393" lon="12.6005575">
        <ele>40.1</ele>
        <time>2026-02-14T14:31:57Z</time>
        <hdop>5.3</hdop>
        <extensions>
          <osmand:provider>fused</osmand:provider>
          <osmand:speed>1</osmand:speed>
        </extensions>
      </trkpt>
      <trkpt lat="55.6791894" lon="12.6006027">
        <ele>40.1</ele>
        <time>2026-02-14T14:32:02Z</time>
        <hdop>5.8</hdop>
        <extensions>
          <osmand:provider>fused</osmand:provider>
          <osmand:speed>1</osmand:speed>
        </extensions>
      </trkpt>
      <trkpt lat="55.6792376" lon="12.6006497">
        <ele>40.1</ele>
        <time>2026-02-14T14:32:08Z</time>
        <hdop>5.5</hdop>
        <extensions>
          <osmand:provider>fused</osmand:provider>
          <osmand:speed>0.8</osmand:speed>
        </extensions>
      </trkpt>
      <trkpt lat="55.6792641" lon="12.6007019">
        <ele>40.4</ele>
        <time>2026-02-14T14:32:13Z</time>
        <hdop>5</hdop>
        <extensions>
          <osmand:provider>fused</osmand:provider>
          <osmand:speed>1</osmand:speed>
        </extensions>
      </trkpt>
      <trkpt lat="55.6792975" lon="12.6007678">
        <ele>40.4</ele>
        <time>2026-02-14T14:32:18Z</time>
        <hdop>5.2</hdop>
        <extensions>
          <osmand:provider>fused</osmand:provider>
          <osmand:speed>1</osmand:speed>
        </extensions>
      </trkpt>
      <trkpt lat="55.6793643" lon="12.6007814">
        <ele>40.1</ele>
        <time>2026-02-14T14:32:24Z</time>
        <hdop>6</hdop>
        <extensions>
          <osmand:provider>fused</osmand:provider>
          <osmand:speed>1.1</osmand:speed>
        </extensions>
      </trkpt>
      <trkpt lat="55.6794132" lon="12.6007809">
        <ele>40.5</ele>
        <time>2026-02-14T14:32:29Z</time>
        <hdop>4.8</hdop>
        <extensions>
          <osmand:provider>fused</osmand:provider>
          <osmand:speed>0.9</osmand:speed>
        </extensions>
      </trkpt>
      <trkpt lat="55.679455" lon="12.6007928">
        <ele>40.4</ele>
        <time>2026-02-14T14:32:35Z</time>
        <hdop>4</hdop>
        <extensions>
          <osmand:provider>fused</osmand:provider>
          <osmand:speed>0.8</osmand:speed>
        </extensions>
      </trkpt>
      <trkpt lat="55.6794874" lon="12.6008002">
        <ele>40.4</ele>
        <time>2026-02-14T14:32:40Z</time>
        <hdop>4</hdop>
        <extensions>
          <osmand:provider>fused</osmand:provider>
          <osmand:speed>0.8</osmand:speed>
        </extensions>
      </trkpt>
      <trkpt lat="55.6795387" lon="12.6008095">
        <ele>40.4</ele>
        <time>2026-02-14T14:32:53Z</time>
        <hdop>3.7</hdop>
        <extensions>
          <osmand:provider>fused</osmand:provider>
          <osmand:speed>0.4</osmand:speed>
        </extensions>
      </trkpt>
      <trkpt lat="55.6795823" lon="12.6008304">
        <ele>40.4</ele>
        <time>2026-02-14T14:32:58Z</time>
        <hdop>3.6</hdop>
        <extensions>
          <osmand:provider>fused</osmand:provider>
          <osmand:speed>0.8</osmand:speed>
        </extensions>
      </trkpt>
      <trkpt lat="55.679622" lon="12.6008706">
        <ele>40.2</ele>
        <time>2026-02-14T14:33:04Z</time>
        <hdop>4</hdop>
        <extensions>
          <osmand:provider>fused</osmand:provider>
          <osmand:speed>0.7</osmand:speed>
        </extensions>
      </trkpt>
      <trkpt lat="55.6796313" lon="12.6009142">
        <ele>40</ele>
        <time>2026-02-14T14:33:09Z</time>
        <hdop>3.9</hdop>
        <extensions>
          <osmand:provider>fused</osmand:provider>
          <osmand:speed>0.7</osmand:speed>
        </extensions>
      </trkpt>
      <trkpt lat="55.6795822" lon="12.600984">
        <ele>40.1</ele>
        <time>2026-02-14T14:33:28Z</time>
        <hdop>3</hdop>
        <extensions>
          <osmand:provider>fused</osmand:provider>
          <osmand:speed>0.4</osmand:speed>
        </extensions>
      </trkpt>
      <trkpt lat="55.6795946" lon="12.601028">
        <ele>40.1</ele>
        <time>2026-02-14T14:34:13Z</time>
        <hdop>3.8</hdop>
        <extensions>
          <osmand:provider>fused</osmand:provider>
          <osmand:speed>0.3</osmand:speed>
        </extensions>
      </trkpt>
      <trkpt lat="55.6795978" lon="12.6009869">
        <ele>40.4</ele>
        <time>2026-02-14T14:40:56Z</time>
        <hdop>7.5</hdop>
        <extensions>
          <osmand:provider>fused</osmand:provider>
          <osmand:speed>0.4</osmand:speed>
        </extensions>
      </trkpt>
      <trkpt lat="55.679606" lon="12.6009579">
        <ele>40.3</ele>
        <time>2026-02-14T14:41:58Z</time>
        <hdop>3.8</hdop>
        <extensions>
          <osmand:provider>fused</osmand:provider>
          <osmand:speed>0.7</osmand:speed>
        </extensions>
      </trkpt>
      <trkpt lat="55.6796084" lon="12.6008604">
        <ele>40.1</ele>
        <time>2026-02-14T14:42:04Z</time>
        <hdop>3.8</hdop>
        <extensions>
          <osmand:provider>fused</osmand:provider>
          <osmand:speed>0.8</osmand:speed>
        </extensions>
      </trkpt>
      <trkpt lat="55.6795684" lon="12.6008247">
        <ele>40.4</ele>
        <time>2026-02-14T14:42:10Z</time>
        <hdop>3.4</hdop>
        <extensions>
          <osmand:provider>fused</osmand:provider>
          <osmand:speed>0.7</osmand:speed>
        </extensions>
      </trkpt>
      <trkpt lat="55.679524" lon="12.600806">
        <ele>41.3</ele>
        <time>2026-02-14T14:42:15Z</time>
        <hdop>3</hdop>
        <extensions>
          <osmand:provider>fused</osmand:provider>
          <osmand:speed>0.9</osmand:speed>
        </extensions>
      </trkpt>
      <trkpt lat="55.6794791" lon="12.6007871">
        <ele>40.7</ele>
        <time>2026-02-14T14:42:21Z</time>
        <hdop>3.5</hdop>
        <extensions>
          <osmand:provider>fused</osmand:provider>
          <osmand:speed>1</osmand:speed>
        </extensions>
      </trkpt>
      <trkpt lat="55.6794301" lon="12.600792">
        <ele>40.6</ele>
        <time>2026-02-14T14:42:27Z</time>
        <hdop>3.2</hdop>
        <extensions>
          <osmand:provider>fused</osmand:provider>
          <osmand:speed>0.9</osmand:speed>
        </extensions>
      </trkpt>
      <trkpt lat="55.6793864" lon="12.6007793">
        <ele>40.6</ele>
        <time>2026-02-14T14:42:32Z</time>
        <hdop>3.7</hdop>
        <extensions>
          <osmand:provider>fused</osmand:provider>
          <osmand:speed>0.9</osmand:speed>
        </extensions>
      </trkpt>
      <trkpt lat="55.6793512" lon="12.6007029">
        <ele>40.7</ele>
        <time>2026-02-14T14:42:37Z</time>
        <hdop>3.8</hdop>
        <extensions>
          <osmand:provider>fused</osmand:provider>
          <osmand:speed>1</osmand:speed>
        </extensions>
      </trkpt>
      <trkpt lat="55.679321" lon="12.6006945">
        <ele>40.1</ele>
        <time>2026-02-14T14:42:42Z</time>
        <hdop>4.8</hdop>
        <extensions>
          <osmand:provider>fused</osmand:provider>
          <osmand:speed>1</osmand:speed>
        </extensions>
      </trkpt>
      <trkpt lat="55.6792689" lon="12.6006452">
        <ele>40.1</ele>
        <time>2026-02-14T14:42:48Z</time>
        <hdop>5.7</hdop>
        <extensions>
          <osmand:provider>fused</osmand:provider>
          <osmand:speed>0.8</osmand:speed>
        </extensions>
      </trkpt>
      <trkpt lat="55.6792299" lon="12.6006192">
        <ele>40.1</ele>
        <time>2026-02-14T14:42:53Z</time>
        <hdop>4.4</hdop>
        <extensions>
          <osmand:provider>fused</osmand:provider>
          <osmand:speed>0.9</osmand:speed>
        </extensions>
      </trkpt>
      <trkpt lat="55.6791896" lon="12.6005934">
        <ele>40.1</ele>
        <time>2026-02-14T14:42:59Z</time>
        <hdop>4.4</hdop>
        <extensions>
          <osmand:provider>fused</osmand:provider>
          <osmand:speed>0.8</osmand:speed>
        </extensions>
      </trkpt>
      <trkpt lat="55.6791364" lon="12.6005659">
        <ele>40.1</ele>
        <time>2026-02-14T14:43:04Z</time>
        <hdop>4.5</hdop>
        <extensions>
          <osmand:provider>fused</osmand:provider>
          <osmand:speed>0.9</osmand:speed>
        </extensions>
      </trkpt>
      <trkpt lat="55.6790735" lon="12.6005207">
        <ele>40.1</ele>
        <time>2026-02-14T14:43:09Z</time>
        <hdop>4</hdop>
        <extensions>
          <osmand:provider>fused</osmand:provider>
          <osmand:speed>1.1</osmand:speed>
        </extensions>
      </trkpt>
      <trkpt lat="55.6790241" lon="12.6004733">
        <ele>40.1</ele>
        <time>2026-02-14T14:43:15Z</time>
        <hdop>3.5</hdop>
        <extensions>
          <osmand:provider>fused</osmand:provider>
          <osmand:speed>1.1</osmand:speed>
        </extensions>
      </trkpt>
      <trkpt lat="55.6789866" lon="12.6004513">
        <ele>40.1</ele>
        <time>2026-02-14T14:43:20Z</time>
        <hdop>3.7</hdop>
        <extensions>
          <osmand:provider>fused</osmand:provider>
          <osmand:speed>1</osmand:speed>
        </extensions>
      </trkpt>
      <trkpt lat="55.6789558" lon="12.600424">
        <ele>40</ele>
        <time>2026-02-14T14:43:25Z</time>
        <hdop>3.6</hdop>
        <extensions>
          <osmand:provider>fused</osmand:provider>
          <osmand:speed>0.9</osmand:speed>
        </extensions>
      </trkpt>
      <trkpt lat="55.678915" lon="12.6003916">
        <ele>40</ele>
        <time>2026-02-14T14:43:30Z</time>
        <hdop>3.6</hdop>
        <extensions>
          <osmand:provider>fused</osmand:provider>
          <osmand:speed>1</osmand:speed>
        </extensions>
      </trkpt>
      <trkpt lat="55.6788751" lon="12.6003569">
        <ele>40.1</ele>
        <time>2026-02-14T14:43:35Z</time>
        <hdop>3.6</hdop>
        <extensions>
          <osmand:provider>fused</osmand:provider>
          <osmand:speed>1</osmand:speed>
        </extensions>
      </trkpt>
      <trkpt lat="55.6788326" lon="12.6003136">
        <ele>40</ele>
        <time>2026-02-14T14:43:41Z</time>
        <hdop>3.4</hdop>
        <extensions>
          <osmand:provider>fused</osmand:provider>
          <osmand:speed>1.1</osmand:speed>
        </extensions>
      </trkpt>
      <trkpt lat="55.6788002" lon="12.600288">
        <ele>40.1</ele>
        <time>2026-02-14T14:43:46Z</time>
        <hdop>3.9</hdop>
        <extensions>
          <osmand:provider>fused</osmand:provider>
          <osmand:speed>1</osmand:speed>
        </extensions>
      </trkpt>
      <trkpt lat="55.6787547" lon="12.6002568">
        <ele>40.1</ele>
        <time>2026-02-14T14:43:52Z</time>
        <hdop>4</hdop>
        <extensions>
          <osmand:provider>fused</osmand:provider>
          <osmand:speed>1</osmand:speed>
        </extensions>
      </trkpt>
      <trkpt lat="55.6787136" lon="12.600223">
        <ele>40.1</ele>
        <time>2026-02-14T14:43:57Z</time>
        <hdop>3.9</hdop>
        <extensions>
          <osmand:provider>fused</osmand:provider>
          <osmand:speed>1.1</osmand:speed>
        </extensions>
      </trkpt>
      <trkpt lat="55.6786738" lon="12.6001895">
        <ele>40.1</ele>
        <time>2026-02-14T14:44:02Z</time>
        <hdop>3.1</hdop>
        <extensions>
          <osmand:provider>fused</osmand:provider>
          <osmand:speed>1.1</osmand:speed>
        </extensions>
      </trkpt>
      <trkpt lat="55.6786184" lon="12.600142">
        <ele>40.6</ele>
        <time>2026-02-14T14:44:08Z</time>
        <hdop>3.3</hdop>
        <extensions>
          <osmand:provider>fused</osmand:provider>
          <osmand:speed>1.2</osmand:speed>
        </extensions>
      </trkpt>
      <trkpt lat="55.678568" lon="12.6000985">
        <ele>40.1</ele>
        <time>2026-02-14T14:44:14Z</time>
        <hdop>3.4</hdop>
        <extensions>
          <osmand:provider>fused</osmand:provider>
          <osmand:speed>1.1</osmand:speed>
        </extensions>
      </trkpt>
      <trkpt lat="55.6785211" lon="12.600064">
        <ele>40.1</ele>
        <time>2026-02-14T14:44:19Z</time>
        <hdop>3.4</hdop>
        <extensions>
          <osmand:provider>fused</osmand:provider>
          <osmand:speed>1</osmand:speed>
        </extensions>
      </trkpt>
      <trkpt lat="55.6784595" lon="12.6000106">
        <ele>38.9</ele>
        <time>2026-02-14T14:44:24Z</time>
        <hdop>3.5</hdop>
        <extensions>
          <osmand:provider>fused</osmand:provider>
          <osmand:speed>1.2</osmand:speed>
        </extensions>
      </trkpt>
      <trkpt lat="55.6783965" lon="12.5999582">
        <ele>40.6</ele>
        <time>2026-02-14T14:44:29Z</time>
        <hdop>3.5</hdop>
        <extensions>
          <osmand:provider>fused</osmand:provider>
          <osmand:speed>1.2</osmand:speed>
        </extensions>
      </trkpt>
      <trkpt lat="55.6783436" lon="12.5999064">
        <ele>40</ele>
        <time>2026-02-14T14:44:34Z</time>
        <hdop>3.1</hdop>
        <extensions>
          <osmand:provider>fused</osmand:provider>
          <osmand:speed>1.1</osmand:speed>
        </extensions>
      </trkpt>
      <trkpt lat="55.6782943" lon="12.5998607">
        <ele>38.3</ele>
        <time>2026-02-14T14:44:39Z</time>
        <hdop>3</hdop>
        <extensions>
          <osmand:provider>fused</osmand:provider>
          <osmand:speed>1.1</osmand:speed>
        </extensions>
      </trkpt>
      <trkpt lat="55.6782481" lon="12.5998203">
        <ele>38.3</ele>
        <time>2026-02-14T14:44:45Z</time>
        <hdop>3.5</hdop>
        <extensions>
          <osmand:provider>fused</osmand:provider>
          <osmand:speed>0.9</osmand:speed>
        </extensions>
      </trkpt>
      <trkpt lat="55.6782032" lon="12.5997884">
        <ele>40</ele>
        <time>2026-02-14T14:44:50Z</time>
        <hdop>3.8</hdop>
        <extensions>
          <osmand:provider>fused</osmand:provider>
          <osmand:speed>1</osmand:speed>
        </extensions>
      </trkpt>
      <trkpt lat="55.6781578" lon="12.5997554">
        <ele>40</ele>
        <time>2026-02-14T14:44:55Z</time>
        <hdop>3.1</hdop>
        <extensions>
          <osmand:provider>fused</osmand:provider>
          <osmand:speed>1</osmand:speed>
        </extensions>
      </trkpt>
      <trkpt lat="55.6781051" lon="12.5997101">
        <ele>40.5</ele>
        <time>2026-02-14T14:45:01Z</time>
        <hdop>3.5</hdop>
        <extensions>
          <osmand:provider>fused</osmand:provider>
          <osmand:speed>1.1</osmand:speed>
        </extensions>
      </trkpt>
      <trkpt lat="55.6780612" lon="12.5996771">
        <ele>40.2</ele>
        <time>2026-02-14T14:45:07Z</time>
        <hdop>3.2</hdop>
        <extensions>
          <osmand:provider>fused</osmand:provider>
          <osmand:speed>1.1</osmand:speed>
        </extensions>
      </trkpt>
      <trkpt lat="55.6780113" lon="12.5996272">
        <ele>40.2</ele>
        <time>2026-02-14T14:45:12Z</time>
        <hdop>3.1</hdop>
        <extensions>
          <osmand:provider>fused</osmand:provider>
          <osmand:speed>1.1</osmand:speed>
        </extensions>
      </trkpt>
      <trkpt lat="55.6780184" lon="12.5995269">
        <ele>40.2</ele>
        <time>2026-02-14T14:45:17Z</time>
        <hdop>4</hdop>
        <extensions>
          <osmand:provider>fused</osmand:provider>
          <osmand:speed>1</osmand:speed>
        </extensions>
      </trkpt>
      <trkpt lat="55.6780288" lon="12.5993975">
        <ele>40.3</ele>
        <time>2026-02-14T14:45:23Z</time>
        <hdop>4.8</hdop>
        <extensions>
          <osmand:provider>fused</osmand:provider>
          <osmand:speed>1.1</osmand:speed>
        </extensions>
      </trkpt>
      <trkpt lat="55.6780756" lon="12.5993027">
        <ele>40.1</ele>
        <time>2026-02-14T14:45:28Z</time>
        <hdop>5.6</hdop>
        <extensions>
          <osmand:provider>fused</osmand:provider>
          <osmand:speed>1.1</osmand:speed>
        </extensions>
      </trkpt>
      <trkpt lat="55.678114" lon="12.5992241">
        <ele>40.1</ele>
        <time>2026-02-14T14:45:33Z</time>
        <hdop>4.5</hdop>
        <extensions>
          <osmand:provider>fused</osmand:provider>
          <osmand:speed>1.1</osmand:speed>
        </extensions>
      </trkpt>
      <trkpt lat="55.6781418" lon="12.5991561">
        <ele>40.1</ele>
        <time>2026-02-14T14:45:38Z</time>
        <hdop>4.5</hdop>
        <extensions>
          <osmand:provider>fused</osmand:provider>
          <osmand:speed>1.1</osmand:speed>
        </extensions>
      </trkpt>
      <trkpt lat="55.6781789" lon="12.5990716">
        <ele>40.1</ele>
        <time>2026-02-14T14:45:44Z</time>
        <hdop>3.9</hdop>
        <extensions>
          <osmand:provider>fused</osmand:provider>
          <osmand:speed>1.2</osmand:speed>
        </extensions>
      </trkpt>
      <trkpt lat="55.6782137" lon="12.598982">
        <ele>40.3</ele>
        <time>2026-02-14T14:45:49Z</time>
        <hdop>3.5</hdop>
        <extensions>
          <osmand:provider>fused</osmand:provider>
          <osmand:speed>1.1</osmand:speed>
        </extensions>
      </trkpt>
      <trkpt lat="55.6782383" lon="12.5988854">
        <ele>40.4</ele>
        <time>2026-02-14T14:45:55Z</time>
        <hdop>3.9</hdop>
        <extensions>
          <osmand:provider>fused</osmand:provider>
          <osmand:speed>1</osmand:speed>
        </extensions>
      </trkpt>
      <trkpt lat="55.6782692" lon="12.5988164">
        <ele>40.4</ele>
        <time>2026-02-14T14:46:00Z</time>
        <hdop>4.1</hdop>
        <extensions>
          <osmand:provider>fused</osmand:provider>
          <osmand:speed>1.1</osmand:speed>
        </extensions>
      </trkpt>
      <trkpt lat="55.6783165" lon="12.5988345">
        <ele>40.5</ele>
        <time>2026-02-14T14:46:05Z</time>
        <hdop>4.8</hdop>
        <extensions>
          <osmand:provider>fused</osmand:provider>
          <osmand:speed>0.8</osmand:speed>
        </extensions>
      </trkpt>
      <trkpt lat="55.6783534" lon="12.5988934">
        <ele>39.4</ele>
        <time>2026-02-14T14:46:11Z</time>
        <hdop>4.4</hdop>
        <extensions>
          <osmand:provider>fused</osmand:provider>
          <osmand:speed>0.4</osmand:speed>
        </extensions>
      </trkpt>
      <trkpt lat="55.6783681" lon="12.5989235">
        <ele>46.2</ele>
        <time>2026-02-14T14:47:45Z</time>
        <hdop>3.8</hdop>
        <extensions>
          <osmand:provider>fused</osmand:provider>
          <osmand:speed>0.3</osmand:speed>
        </extensions>
      </trkpt>
      <trkpt lat="55.6784156" lon="12.5988883">
        <ele>39.4</ele>
        <time>2026-02-14T14:48:23Z</time>
        <hdop>12.9</hdop>
        <extensions>
          <osmand:provider>fused</osmand:provider>
          <osmand:speed>0.5</osmand:speed>
        </extensions>
      </trkpt>
    </trkseg>
    <trkseg>
      <trkpt lat="55.6783928" lon="12.5988682">
        <ele>39.4</ele>
        <time>2026-02-14T14:59:35Z</time>
        <hdop>12.3</hdop>
        <extensions>
          <osmand:provider>fused</osmand:provider>
          <osmand:speed>0.3</osmand:speed>
        </extensions>
      </trkpt>
      <trkpt lat="55.6784153" lon="12.5988667">
        <ele>39.4</ele>
        <time>2026-02-14T14:59:41Z</time>
        <hdop>12.3</hdop>
        <extensions>
          <osmand:provider>fused</osmand:provider>
          <osmand:speed>0.4</osmand:speed>
        </extensions>
      </trkpt>
      <trkpt lat="55.6783955" lon="12.5988698">
        <ele>39.4</ele>
        <time>2026-02-14T15:05:35Z</time>
        <hdop>12.3</hdop>
        <extensions>
          <osmand:provider>fused</osmand:provider>
          <osmand:speed>0.3</osmand:speed>
        </extensions>
      </trkpt>
      <trkpt lat="55.6784133" lon="12.5988836">
        <ele>39.4</ele>
        <time>2026-02-14T15:06:26Z</time>
        <hdop>12.9</hdop>
        <extensions>
          <osmand:provider>fused</osmand:provider>
          <osmand:speed>0.3</osmand:speed>
        </extensions>
      </trkpt>
    </trkseg>
    <trkseg>
      <trkpt lat="55.6784269" lon="12.5989049">
        <ele>39.4</ele>
        <time>2026-02-14T15:41:33Z</time>
        <hdop>12.8</hdop>
        <extensions>
          <osmand:provider>fused</osmand:provider>
          <osmand:speed>0.4</osmand:speed>
        </extensions>
      </trkpt>
      <trkpt lat="55.6784145" lon="12.5988797">
        <ele>39.4</ele>
        <time>2026-02-14T15:41:39Z</time>
        <hdop>12.7</hdop>
        <extensions>
          <osmand:provider>fused</osmand:provider>
          <osmand:speed>0.3</osmand:speed>
        </extensions>
      </trkpt>
      <trkpt lat="55.6784315" lon="12.5988954">
        <ele>39.4</ele>
        <time>2026-02-14T15:45:33Z</time>
        <hdop>23</hdop>
        <extensions>
          <osmand:provider>fused</osmand:provider>
          <osmand:speed>0.5</osmand:speed>
        </extensions>
      </trkpt>
      <trkpt lat="55.6783997" lon="12.59897">
        <ele>40</ele>
        <time>2026-02-14T15:45:39Z</time>
        <hdop>11.6</hdop>
        <extensions>
          <osmand:provider>fused</osmand:provider>
          <osmand:speed>0.3</osmand:speed>
        </extensions>
      </trkpt>
      <trkpt lat="55.6783838" lon="12.5989282">
        <ele>40.1</ele>
        <time>2026-02-14T15:46:05Z</time>
        <hdop>3.8</hdop>
        <extensions>
          <osmand:provider>fused</osmand:provider>
          <osmand:speed>0.3</osmand:speed>
        </extensions>
      </trkpt>
      <trkpt lat="55.6783703" lon="12.5989566">
        <ele>40.7</ele>
        <time>2026-02-14T15:46:31Z</time>
        <hdop>3.8</hdop>
        <extensions>
          <osmand:provider>fused</osmand:provider>
          <osmand:speed>0.4</osmand:speed>
        </extensions>
      </trkpt>
      <trkpt lat="55.6783487" lon="12.5989451">
        <ele>40.5</ele>
        <time>2026-02-14T15:46:38Z</time>
        <hdop>4.1</hdop>
        <extensions>
          <osmand:provider>fused</osmand:provider>
          <osmand:speed>0.7</osmand:speed>
        </extensions>
      </trkpt>
      <trkpt lat="55.6783038" lon="12.5989467">
        <ele>52.5</ele>
        <time>2026-02-14T15:46:43Z</time>
        <hdop>5.3</hdop>
        <extensions>
          <osmand:provider>fused</osmand:provider>
          <osmand:speed>0.6</osmand:speed>
        </extensions>
      </trkpt>
      <trkpt lat="55.6782559" lon="12.5989166">
        <ele>40.6</ele>
        <time>2026-02-14T15:46:48Z</time>
        <hdop>3</hdop>
        <extensions>
          <osmand:provider>fused</osmand:provider>
          <osmand:speed>0.7</osmand:speed>
        </extensions>
      </trkpt>
      <trkpt lat="55.6782166" lon="12.5989281">
        <ele>44.7</ele>
        <time>2026-02-14T15:46:54Z</time>
        <hdop>3</hdop>
        <extensions>
          <osmand:provider>fused</osmand:provider>
          <osmand:speed>0.7</osmand:speed>
        </extensions>
      </trkpt>
      <trkpt lat="55.6781589" lon="12.5989403">
        <ele>46.2</ele>
        <time>2026-02-14T15:46:59Z</time>
        <hdop>3</hdop>
        <extensions>
          <osmand:provider>fused</osmand:provider>
          <osmand:speed>0.9</osmand:speed>
        </extensions>
      </trkpt>
      <trkpt lat="55.6781197" lon="12.5989614">
        <ele>46.2</ele>
        <time>2026-02-14T15:47:04Z</time>
        <hdop>3</hdop>
        <extensions>
          <osmand:provider>fused</osmand:provider>
          <osmand:speed>0.9</osmand:speed>
        </extensions>
      </trkpt>
      <trkpt lat="55.6780878" lon="12.5989806">
        <ele>46.2</ele>
        <time>2026-02-14T15:47:09Z</time>
        <hdop>3.5</hdop>
        <extensions>
          <osmand:provider>fused</osmand:provider>
          <osmand:speed>0.9</osmand:speed>
        </extensions>
      </trkpt>
      <trkpt lat="55.6780706" lon="12.5989928">
        <ele>40.6</ele>
        <time>2026-02-14T15:47:15Z</time>
        <hdop>5.4</hdop>
        <extensions>
          <osmand:provider>fused</osmand:provider>
          <osmand:speed>0.5</osmand:speed>
        </extensions>
      </trkpt>
      <trkpt lat="55.6780579" lon="12.5990563">
        <ele>45.5</ele>
        <time>2026-02-14T15:47:20Z</time>
        <hdop>5.8</hdop>
        <extensions>
          <osmand:provider>fused</osmand:provider>
          <osmand:speed>0.7</osmand:speed>
        </extensions>
      </trkpt>
      <trkpt lat="55.6780277" lon="12.5991286">
        <ele>44.8</ele>
        <time>2026-02-14T15:47:25Z</time>
        <hdop>4.3</hdop>
        <extensions>
          <osmand:provider>fused</osmand:provider>
          <osmand:speed>0.9</osmand:speed>
        </extensions>
      </trkpt>
      <trkpt lat="55.6779867" lon="12.5992007">
        <ele>40.6</ele>
        <time>2026-02-14T15:47:31Z</time>
        <hdop>3.3</hdop>
        <extensions>
          <osmand:provider>fused</osmand:provider>
          <osmand:speed>1</osmand:speed>
        </extensions>
      </trkpt>
      <trkpt lat="55.6779551" lon="12.5992715">
        <ele>40.6</ele>
        <time>2026-02-14T15:47:36Z</time>
        <hdop>3.6</hdop>
        <extensions>
          <osmand:provider>fused</osmand:provider>
          <osmand:speed>1.2</osmand:speed>
        </extensions>
      </trkpt>
      <trkpt lat="55.6779232" lon="12.5993241">
        <ele>40.6</ele>
        <time>2026-02-14T15:47:42Z</time>
        <hdop>3.9</hdop>
        <extensions>
          <osmand:provider>fused</osmand:provider>
          <osmand:speed>0.9</osmand:speed>
        </extensions>
      </trkpt>
      <trkpt lat="55.6779052" lon="12.5993347">
        <ele>40.4</ele>
        <time>2026-02-14T15:47:49Z</time>
        <hdop>3.8</hdop>
        <extensions>
          <osmand:provider>fused</osmand:provider>
          <osmand:speed>0.6</osmand:speed>
        </extensions>
      </trkpt>
      <trkpt lat="55.6779203" lon="12.5992895">
        <ele>46.2</ele>
        <time>2026-02-14T15:48:06Z</time>
        <hdop>3.5</hdop>
        <extensions>
          <osmand:provider>fused</osmand:provider>
          <osmand:speed>0.4</osmand:speed>
        </extensions>
      </trkpt>
      <trkpt lat="55.6778746" lon="12.5992687">
        <ele>46.2</ele>
        <time>2026-02-14T15:48:11Z</time>
        <hdop>3.4</hdop>
        <extensions>
          <osmand:provider>fused</osmand:provider>
          <osmand:speed>0.9</osmand:speed>
        </extensions>
      </trkpt>
      <trkpt lat="55.677859" lon="12.599239">
        <ele>40.2</ele>
        <time>2026-02-14T15:48:16Z</time>
        <hdop>4.1</hdop>
        <extensions>
          <osmand:provider>fused</osmand:provider>
          <osmand:speed>0.9</osmand:speed>
        </extensions>
      </trkpt>
      <trkpt lat="55.6778405" lon="12.5992204">
        <ele>40</ele>
        <time>2026-02-14T15:48:21Z</time>
        <hdop>4.1</hdop>
        <extensions>
          <osmand:provider>fused</osmand:provider>
          <osmand:speed>1</osmand:speed>
        </extensions>
      </trkpt>
      <trkpt lat="55.6777602" lon="12.5992626">
        <ele>40.9</ele>
        <time>2026-02-14T15:48:27Z</time>
        <hdop>5.6</hdop>
        <extensions>
          <osmand:provider>fused</osmand:provider>
          <osmand:speed>1.1</osmand:speed>
        </extensions>
      </trkpt>
      <trkpt lat="55.6777684" lon="12.599344">
        <ele>40.9</ele>
        <time>2026-02-14T15:48:32Z</time>
        <hdop>4.7</hdop>
        <extensions>
          <osmand:provider>fused</osmand:provider>
          <osmand:speed>1.2</osmand:speed>
        </extensions>
      </trkpt>
      <trkpt lat="55.6777238" lon="12.5993606">
        <ele>40.3</ele>
        <time>2026-02-14T15:48:38Z</time>
        <hdop>6.6</hdop>
        <extensions>
          <osmand:provider>fused</osmand:provider>
          <osmand:speed>1.1</osmand:speed>
        </extensions>
      </trkpt>
      <trkpt lat="55.6776935" lon="12.5993156">
        <ele>40.6</ele>
        <time>2026-02-14T15:48:43Z</time>
        <hdop>4.3</hdop>
        <extensions>
          <osmand:provider>fused</osmand:provider>
          <osmand:speed>0.5</osmand:speed>
        </extensions>
      </trkpt>
      <trkpt lat="55.6776621" lon="12.5992483">
        <ele>40</ele>
        <time>2026-02-14T15:49:06Z</time>
        <hdop>3.8</hdop>
        <extensions>
          <osmand:provider>fused</osmand:provider>
          <osmand:speed>0.3</osmand:speed>
        </extensions>
      </trkpt>
      <trkpt lat="55.6776383" lon="12.5992455">
        <ele>40.4</ele>
        <time>2026-02-14T15:49:14Z</time>
        <hdop>4</hdop>
        <extensions>
          <osmand:provider>fused</osmand:provider>
          <osmand:speed>1</osmand:speed>
        </extensions>
      </trkpt>
      <trkpt lat="55.6775917" lon="12.5992617">
        <ele>40.4</ele>
        <time>2026-02-14T15:49:19Z</time>
        <hdop>4.9</hdop>
        <extensions>
          <osmand:provider>fused</osmand:provider>
          <osmand:speed>1</osmand:speed>
        </extensions>
      </trkpt>
      <trkpt lat="55.6775315" lon="12.5992498">
        <ele>40.4</ele>
        <time>2026-02-14T15:49:24Z</time>
        <hdop>6</hdop>
        <extensions>
          <osmand:provider>fused</osmand:provider>
          <osmand:speed>1.1</osmand:speed>
        </extensions>
      </trkpt>
      <trkpt lat="55.6774555" lon="12.5992054">
        <ele>46.2</ele>
        <time>2026-02-14T15:49:30Z</time>
        <hdop>4.1</hdop>
        <extensions>
          <osmand:provider>fused</osmand:provider>
          <osmand:speed>1</osmand:speed>
        </extensions>
      </trkpt>
      <trkpt lat="55.6773941" lon="12.599159">
        <ele>46.2</ele>
        <time>2026-02-14T15:49:36Z</time>
        <hdop>3.8</hdop>
        <extensions>
          <osmand:provider>fused</osmand:provider>
          <osmand:speed>1</osmand:speed>
        </extensions>
      </trkpt>
      <trkpt lat="55.6773437" lon="12.5990394">
        <ele>40</ele>
        <time>2026-02-14T15:49:41Z</time>
        <hdop>3.9</hdop>
        <extensions>
          <osmand:provider>fused</osmand:provider>
          <osmand:speed>1.1</osmand:speed>
        </extensions>
      </trkpt>
      <trkpt lat="55.6773243" lon="12.598932">
        <ele>44.5</ele>
        <time>2026-02-14T15:49:46Z</time>
        <hdop>3.4</hdop>
        <extensions>
          <osmand:provider>fused</osmand:provider>
          <osmand:speed>1.1</osmand:speed>
        </extensions>
      </trkpt>
      <trkpt lat="55.677302" lon="12.5988097">
        <ele>44.5</ele>
        <time>2026-02-14T15:49:51Z</time>
        <hdop>3.2</hdop>
        <extensions>
          <osmand:provider>fused</osmand:provider>
          <osmand:speed>1.1</osmand:speed>
        </extensions>
      </trkpt>
      <trkpt lat="55.677266" lon="12.5987078">
        <ele>39.8</ele>
        <time>2026-02-14T15:49:56Z</time>
        <hdop>3.9</hdop>
        <extensions>
          <osmand:provider>fused</osmand:provider>
          <osmand:speed>1.1</osmand:speed>
        </extensions>
      </trkpt>
      <trkpt lat="55.6772049" lon="12.5986408">
        <ele>39.8</ele>
        <time>2026-02-14T15:50:02Z</time>
        <hdop>3.9</hdop>
        <extensions>
          <osmand:provider>fused</osmand:provider>
          <osmand:speed>1.1</osmand:speed>
        </extensions>
      </trkpt>
      <trkpt lat="55.6771572" lon="12.5985862">
        <ele>39.8</ele>
        <time>2026-02-14T15:50:07Z</time>
        <hdop>3.7</hdop>
        <extensions>
          <osmand:provider>fused</osmand:provider>
          <osmand:speed>1</osmand:speed>
        </extensions>
      </trkpt>
      <trkpt lat="55.6771267" lon="12.5985397">
        <ele>39.8</ele>
        <time>2026-02-14T15:50:12Z</time>
        <hdop>3.9</hdop>
        <extensions>
          <osmand:provider>fused</osmand:provider>
          <osmand:speed>0.8</osmand:speed>
        </extensions>
      </trkpt>
      <trkpt lat="55.6771049" lon="12.5985062">
        <ele>39.8</ele>
        <time>2026-02-14T15:50:17Z</time>
        <hdop>3.2</hdop>
        <extensions>
          <osmand:provider>fused</osmand:provider>
          <osmand:speed>0.9</osmand:speed>
        </extensions>
      </trkpt>
      <trkpt lat="55.6770698" lon="12.5984544">
        <ele>39.8</ele>
        <time>2026-02-14T15:50:22Z</time>
        <hdop>3.4</hdop>
        <extensions>
          <osmand:provider>fused</osmand:provider>
          <osmand:speed>1</osmand:speed>
        </extensions>
      </trkpt>
      <trkpt lat="55.6770419" lon="12.598403">
        <ele>40</ele>
        <time>2026-02-14T15:50:27Z</time>
        <hdop>4</hdop>
        <extensions>
          <osmand:provider>fused</osmand:provider>
          <osmand:speed>1</osmand:speed>
        </extensions>
      </trkpt>
      <trkpt lat="55.6770235" lon="12.5983783">
        <ele>39.8</ele>
        <time>2026-02-14T15:50:33Z</time>
        <hdop>5.3</hdop>
        <extensions>
          <osmand:provider>fused</osmand:provider>
          <osmand:speed>0.6</osmand:speed>
        </extensions>
      </trkpt>
      <trkpt lat="55.6769937" lon="12.5983271">
        <ele>40.3</ele>
        <time>2026-02-14T15:50:38Z</time>
        <hdop>5.7</hdop>
        <extensions>
          <osmand:provider>fused</osmand:provider>
          <osmand:speed>0.6</osmand:speed>
        </extensions>
      </trkpt>
      <trkpt lat="55.6769575" lon="12.5982853">
        <ele>40.1</ele>
        <time>2026-02-14T15:50:44Z</time>
        <hdop>7</hdop>
        <extensions>
          <osmand:provider>fused</osmand:provider>
          <osmand:speed>1</osmand:speed>
        </extensions>
      </trkpt>
      <trkpt lat="55.6768774" lon="12.5982435">
        <ele>40.2</ele>
        <time>2026-02-14T15:50:49Z</time>
        <hdop>5.7</hdop>
        <extensions>
          <osmand:provider>fused</osmand:provider>
          <osmand:speed>1.2</osmand:speed>
        </extensions>
      </trkpt>
      <trkpt lat="55.6768241" lon="12.5982259">
        <ele>40.2</ele>
        <time>2026-02-14T15:50:54Z</time>
        <hdop>4.6</hdop>
        <extensions>
          <osmand:provider>fused</osmand:provider>
          <osmand:speed>1</osmand:speed>
        </extensions>
      </trkpt>
      <trkpt lat="55.6767676" lon="12.5981925">
        <ele>40.2</ele>
        <time>2026-02-14T15:50:59Z</time>
        <hdop>5</hdop>
        <extensions>
          <osmand:provider>fused</osmand:provider>
          <osmand:speed>1.1</osmand:speed>
        </extensions>
      </trkpt>
      <trkpt lat="55.6767064" lon="12.5980351">
        <ele>40.2</ele>
        <time>2026-02-14T15:51:05Z</time>
        <hdop>6.5</hdop>
        <extensions>
          <osmand:provider>fused</osmand:provider>
          <osmand:speed>1.2</osmand:speed>
        </extensions>
      </trkpt>
      <trkpt lat="55.6766778" lon="12.5979438">
        <ele>40.1</ele>
        <time>2026-02-14T15:51:10Z</time>
        <hdop>5.5</hdop>
        <extensions>
          <osmand:provider>fused</osmand:provider>
          <osmand:speed>0.9</osmand:speed>
        </extensions>
      </trkpt>
      <trkpt lat="55.6766543" lon="12.5978728">
        <ele>40</ele>
        <time>2026-02-14T15:51:15Z</time>
        <hdop>6.7</hdop>
        <extensions>
          <osmand:provider>fused</osmand:provider>
          <osmand:speed>1</osmand:speed>
        </extensions>
      </trkpt>
      <trkpt lat="55.6766035" lon="12.5978102">
        <ele>39.9</ele>
        <time>2026-02-14T15:51:20Z</time>
        <hdop>6.9</hdop>
        <extensions>
          <osmand:provider>fused</osmand:provider>
          <osmand:speed>1</osmand:speed>
        </extensions>
      </trkpt>
      <trkpt lat="55.6765609" lon="12.5977762">
        <ele>40</ele>
        <time>2026-02-14T15:51:26Z</time>
        <hdop>6.8</hdop>
        <extensions>
          <osmand:provider>fused</osmand:provider>
          <osmand:speed>1</osmand:speed>
        </extensions>
      </trkpt>
      <trkpt lat="55.676527" lon="12.5977446">
        <ele>40</ele>
        <time>2026-02-14T15:51:31Z</time>
        <hdop>6.5</hdop>
        <extensions>
          <osmand:provider>fused</osmand:provider>
          <osmand:speed>0.9</osmand:speed>
        </extensions>
      </trkpt>
      <trkpt lat="55.6764876" lon="12.5976962">
        <ele>40</ele>
        <time>2026-02-14T15:51:36Z</time>
        <hdop>5.5</hdop>
        <extensions>
          <osmand:provider>fused</osmand:provider>
          <osmand:speed>1</osmand:speed>
        </extensions>
      </trkpt>
      <trkpt lat="55.676449" lon="12.5976431">
        <ele>40</ele>
        <time>2026-02-14T15:51:41Z</time>
        <hdop>5.2</hdop>
        <extensions>
          <osmand:provider>fused</osmand:provider>
          <osmand:speed>1</osmand:speed>
        </extensions>
      </trkpt>
      <trkpt lat="55.676411" lon="12.5975815">
        <ele>40.1</ele>
        <time>2026-02-14T15:51:46Z</time>
        <hdop>5.6</hdop>
        <extensions>
          <osmand:provider>fused</osmand:provider>
          <osmand:speed>0.8</osmand:speed>
        </extensions>
      </trkpt>
      <trkpt lat="55.6763846" lon="12.5975375">
        <ele>40.1</ele>
        <time>2026-02-14T15:51:52Z</time>
        <hdop>5.5</hdop>
        <extensions>
          <osmand:provider>fused</osmand:provider>
          <osmand:speed>0.9</osmand:speed>
        </extensions>
      </trkpt>
      <trkpt lat="55.6763509" lon="12.5974833">
        <ele>40.1</ele>
        <time>2026-02-14T15:51:57Z</time>
        <hdop>5.4</hdop>
        <extensions>
          <osmand:provider>fused</osmand:provider>
          <osmand:speed>0.9</osmand:speed>
        </extensions>
      </trkpt>
      <trkpt lat="55.6763171" lon="12.5974273">
        <ele>40.1</ele>
        <time>2026-02-14T15:52:02Z</time>
        <hdop>5.6</hdop>
        <extensions>
          <osmand:provider>fused</osmand:provider>
          <osmand:speed>1</osmand:speed>
        </extensions>
      </trkpt>
      <trkpt lat="55.676286" lon="12.597368">
        <ele>40.2</ele>
        <time>2026-02-14T15:52:07Z</time>
        <hdop>5.6</hdop>
        <extensions>
          <osmand:provider>fused</osmand:provider>
          <osmand:speed>0.9</osmand:speed>
        </extensions>
      </trkpt>
      <trkpt lat="55.6762401" lon="12.5973111">
        <ele>40.2</ele>
        <time>2026-02-14T15:52:12Z</time>
        <hdop>5.3</hdop>
        <extensions>
          <osmand:provider>fused</osmand:provider>
          <osmand:speed>1</osmand:speed>
        </extensions>
      </trkpt>
      <trkpt lat="55.6762097" lon="12.5972614">
        <ele>40.2</ele>
        <time>2026-02-14T15:52:18Z</time>
        <hdop>5.3</hdop>
        <extensions>
          <osmand:provider>fused</osmand:provider>
          <osmand:speed>0.9</osmand:speed>
        </extensions>
      </trkpt>
      <trkpt lat="55.6761811" lon="12.5972074">
        <ele>40.2</ele>
        <time>2026-02-14T15:52:23Z</time>
        <hdop>5</hdop>
        <extensions>
          <osmand:provider>fused</osmand:provider>
          <osmand:speed>0.9</osmand:speed>
        </extensions>
      </trkpt>
      <trkpt lat="55.6761545" lon="12.5971482">
        <ele>40.2</ele>
        <time>2026-02-14T15:52:28Z</time>
        <hdop>5.6</hdop>
        <extensions>
          <osmand:provider>fused</osmand:provider>
          <osmand:speed>1</osmand:speed>
        </extensions>
      </trkpt>
      <trkpt lat="55.6761251" lon="12.5971164">
        <ele>40.2</ele>
        <time>2026-02-14T15:52:33Z</time>
        <hdop>6.3</hdop>
        <extensions>
          <osmand:provider>fused</osmand:provider>
          <osmand:speed>0.8</osmand:speed>
        </extensions>
      </trkpt>
      <trkpt lat="55.6760877" lon="12.5970568">
        <ele>40.3</ele>
        <time>2026-02-14T15:52:38Z</time>
        <hdop>9.4</hdop>
        <extensions>
          <osmand:provider>fused</osmand:provider>
          <osmand:speed>1</osmand:speed>
        </extensions>
      </trkpt>
      <trkpt lat="55.6760577" lon="12.5969954">
        <ele>40.3</ele>
        <time>2026-02-14T15:52:43Z</time>
        <hdop>7.5</hdop>
        <extensions>
          <osmand:provider>fused</osmand:provider>
          <osmand:speed>0.5</osmand:speed>
        </extensions>
      </trkpt>
      <trkpt lat="55.6760209" lon="12.5969573">
        <ele>40.3</ele>
        <time>2026-02-14T15:52:49Z</time>
        <hdop>5.7</hdop>
        <extensions>
          <osmand:provider>fused</osmand:provider>
          <osmand:speed>0.8</osmand:speed>
        </extensions>
      </trkpt>
      <trkpt lat="55.6759854" lon="12.5969102">
        <ele>40.3</ele>
        <time>2026-02-14T15:52:54Z</time>
        <hdop>5.4</hdop>
        <extensions>
          <osmand:provider>fused</osmand:provider>
          <osmand:speed>0.9</osmand:speed>
        </extensions>
      </trkpt>
      <trkpt lat="55.6759503" lon="12.5968617">
        <ele>40.2</ele>
        <time>2026-02-14T15:52:59Z</time>
        <hdop>5.7</hdop>
        <extensions>
          <osmand:provider>fused</osmand:provider>
          <osmand:speed>0.9</osmand:speed>
        </extensions>
      </trkpt>
      <trkpt lat="55.6759191" lon="12.596808">
        <ele>41.5</ele>
        <time>2026-02-14T15:53:04Z</time>
        <hdop>6</hdop>
        <extensions>
          <osmand:provider>fused</osmand:provider>
          <osmand:speed>0.8</osmand:speed>
        </extensions>
      </trkpt>
      <trkpt lat="55.6758831" lon="12.5967663">
        <ele>41.5</ele>
        <time>2026-02-14T15:53:09Z</time>
        <hdop>6.4</hdop>
        <extensions>
          <osmand:provider>fused</osmand:provider>
          <osmand:speed>0.9</osmand:speed>
        </extensions>
      </trkpt>
      <trkpt lat="55.6758245" lon="12.5967042">
        <ele>40.2</ele>
        <time>2026-02-14T15:53:15Z</time>
        <hdop>6.4</hdop>
        <extensions>
          <osmand:provider>fused</osmand:provider>
          <osmand:speed>0.9</osmand:speed>
        </extensions>
      </trkpt>
      <trkpt lat="55.675796" lon="12.5966603">
        <ele>40.2</ele>
        <time>2026-02-14T15:53:20Z</time>
        <hdop>6.6</hdop>
        <extensions>
          <osmand:provider>fused</osmand:provider>
          <osmand:speed>1</osmand:speed>
        </extensions>
      </trkpt>
      <trkpt lat="55.6757423" lon="12.5966139">
        <ele>40.2</ele>
        <time>2026-02-14T15:53:25Z</time>
        <hdop>6.1</hdop>
        <extensions>
          <osmand:provider>fused</osmand:provider>
          <osmand:speed>1</osmand:speed>
        </extensions>
      </trkpt>
      <trkpt lat="55.6756969" lon="12.5965477">
        <ele>40.2</ele>
        <time>2026-02-14T15:53:30Z</time>
        <hdop>6</hdop>
        <extensions>
          <osmand:provider>fused</osmand:provider>
          <osmand:speed>1</osmand:speed>
        </extensions>
      </trkpt>
      <trkpt lat="55.6756578" lon="12.596487">
        <ele>40.2</ele>
        <time>2026-02-14T15:53:36Z</time>
        <hdop>6.3</hdop>
        <extensions>
          <osmand:provider>fused</osmand:provider>
          <osmand:speed>1.1</osmand:speed>
        </extensions>
      </trkpt>
      <trkpt lat="55.6756167" lon="12.5964344">
        <ele>40.2</ele>
        <time>2026-02-14T15:53:41Z</time>
        <hdop>5.9</hdop>
        <extensions>
          <osmand:provider>fused</osmand:provider>
          <osmand:speed>1</osmand:speed>
        </extensions>
      </trkpt>
      <trkpt lat="55.6755735" lon="12.5963718">
        <ele>40.3</ele>
        <time>2026-02-14T15:53:46Z</time>
        <hdop>5.8</hdop>
        <extensions>
          <osmand:provider>fused</osmand:provider>
          <osmand:speed>0.9</osmand:speed>
        </extensions>
      </trkpt>
      <trkpt lat="55.6755295" lon="12.5963185">
        <ele>40.1</ele>
        <time>2026-02-14T15:53:52Z</time>
        <hdop>6</hdop>
        <extensions>
          <osmand:provider>fused</osmand:provider>
          <osmand:speed>1</osmand:speed>
        </extensions>
      </trkpt>
      <trkpt lat="55.6754893" lon="12.5962702">
        <ele>40.2</ele>
        <time>2026-02-14T15:53:58Z</time>
        <hdop>5.1</hdop>
        <extensions>
          <osmand:provider>fused</osmand:provider>
          <osmand:speed>1.1</osmand:speed>
        </extensions>
      </trkpt>
      <trkpt lat="55.6754629" lon="12.5962319">
        <ele>39.9</ele>
        <time>2026-02-14T15:54:09Z</time>
        <hdop>6.7</hdop>
        <extensions>
          <osmand:provider>fused</osmand:provider>
          <osmand:speed>1</osmand:speed>
        </extensions>
      </trkpt>
      <trkpt lat="55.6754601" lon="12.5961782">
        <ele>39.9</ele>
        <time>2026-02-14T15:54:15Z</time>
        <hdop>10.2</hdop>
        <extensions>
          <osmand:provider>fused</osmand:provider>
          <osmand:speed>0.9</osmand:speed>
        </extensions>
      </trkpt>
      <trkpt lat="55.6754354" lon="12.5960621">
        <ele>40.2</ele>
        <time>2026-02-14T15:54:20Z</time>
        <hdop>8.7</hdop>
        <extensions>
          <osmand:provider>fused</osmand:provider>
          <osmand:speed>0.6</osmand:speed>
        </extensions>
      </trkpt>
      <trkpt lat="55.6753714" lon="12.5959966">
        <ele>40.3</ele>
        <time>2026-02-14T15:54:25Z</time>
        <hdop>8.3</hdop>
        <extensions>
          <osmand:provider>fused</osmand:provider>
          <osmand:speed>0.9</osmand:speed>
        </extensions>
      </trkpt>
      <trkpt lat="55.6753332" lon="12.5959163">
        <ele>40.1</ele>
        <time>2026-02-14T15:54:31Z</time>
        <hdop>5.9</hdop>
        <extensions>
          <osmand:provider>fused</osmand:provider>
          <osmand:speed>1</osmand:speed>
        </extensions>
      </trkpt>
      <trkpt lat="55.675318" lon="12.5958226">
        <ele>43.2</ele>
        <time>2026-02-14T15:54:36Z</time>
        <hdop>7.7</hdop>
        <extensions>
          <osmand:provider>fused</osmand:provider>
          <osmand:speed>1</osmand:speed>
        </extensions>
      </trkpt>
      <trkpt lat="55.6752885" lon="12.5957532">
        <ele>43.2</ele>
        <time>2026-02-14T15:54:41Z</time>
        <hdop>7.9</hdop>
        <extensions>
          <osmand:provider>fused</osmand:provider>
          <osmand:speed>0.9</osmand:speed>
        </extensions>
      </trkpt>
      <trkpt lat="55.6752577" lon="12.5957223">
        <ele>39.9</ele>
        <time>2026-02-14T15:54:47Z</time>
        <hdop>8.6</hdop>
        <extensions>
          <osmand:provider>fused</osmand:provider>
          <osmand:speed>0.9</osmand:speed>
        </extensions>
      </trkpt>
      <trkpt lat="55.6751987" lon="12.5956451">
        <ele>40.8</ele>
        <time>2026-02-14T15:54:52Z</time>
        <hdop>8.9</hdop>
        <extensions>
          <osmand:provider>fused</osmand:provider>
          <osmand:speed>1.1</osmand:speed>
        </extensions>
      </trkpt>
      <trkpt lat="55.6751403" lon="12.5955555">
        <ele>40.1</ele>
        <time>2026-02-14T15:54:58Z</time>
        <hdop>6.9</hdop>
        <extensions>
          <osmand:provider>fused</osmand:provider>
          <osmand:speed>0.9</osmand:speed>
        </extensions>
      </trkpt>
      <trkpt lat="55.6750988" lon="12.5955293">
        <ele>39.9</ele>
        <time>2026-02-14T15:55:03Z</time>
        <hdop>5.7</hdop>
        <extensions>
          <osmand:provider>fused</osmand:provider>
          <osmand:speed>0.8</osmand:speed>
        </extensions>
      </trkpt>
      <trkpt lat="55.6750604" lon="12.5954995">
        <ele>39.9</ele>
        <time>2026-02-14T15:55:09Z</time>
        <hdop>6.3</hdop>
        <extensions>
          <osmand:provider>fused</osmand:provider>
          <osmand:speed>0.8</osmand:speed>
        </extensions>
      </trkpt>
      <trkpt lat="55.6750339" lon="12.5954879">
        <ele>39.9</ele>
        <time>2026-02-14T15:55:14Z</time>
        <hdop>6.5</hdop>
        <extensions>
          <osmand:provider>fused</osmand:provider>
          <osmand:speed>0.9</osmand:speed>
        </extensions>
      </trkpt>
      <trkpt lat="55.6750067" lon="12.5954185">
        <ele>40</ele>
        <time>2026-02-14T15:55:20Z</time>
        <hdop>6.9</hdop>
        <extensions>
          <osmand:provider>fused</osmand:provider>
          <osmand:speed>0.8</osmand:speed>
        </extensions>
      </trkpt>
      <trkpt lat="55.6749651" lon="12.5954021">
        <ele>39.9</ele>
        <time>2026-02-14T15:55:25Z</time>
        <hdop>5.3</hdop>
        <extensions>
          <osmand:provider>fused</osmand:provider>
          <osmand:speed>0.8</osmand:speed>
        </extensions>
      </trkpt>
      <trkpt lat="55.6749322" lon="12.5953522">
        <ele>39.9</ele>
        <time>2026-02-14T15:55:31Z</time>
        <hdop>5.9</hdop>
        <extensions>
          <osmand:provider>fused</osmand:provider>
          <osmand:speed>0.8</osmand:speed>
        </extensions>
      </trkpt>
      <trkpt lat="55.6749376" lon="12.5952779">
        <ele>39.9</ele>
        <time>2026-02-14T15:55:36Z</time>
        <hdop>5.1</hdop>
        <extensions>
          <osmand:provider>fused</osmand:provider>
          <osmand:speed>0.9</osmand:speed>
        </extensions>
      </trkpt>
      <trkpt lat="55.6749217" lon="12.5951785">
        <ele>40.1</ele>
        <time>2026-02-14T15:55:42Z</time>
        <hdop>3.6</hdop>
        <extensions>
          <osmand:provider>fused</osmand:provider>
          <osmand:speed>0.9</osmand:speed>
        </extensions>
      </trkpt>
      <trkpt lat="55.6748637" lon="12.5951113">
        <ele>40</ele>
        <time>2026-02-14T15:55:47Z</time>
        <hdop>5</hdop>
        <extensions>
          <osmand:provider>fused</osmand:provider>
          <osmand:speed>1</osmand:speed>
        </extensions>
      </trkpt>
      <trkpt lat="55.6748183" lon="12.595054">
        <ele>40.5</ele>
        <time>2026-02-14T15:55:53Z</time>
        <hdop>4.9</hdop>
        <extensions>
          <osmand:provider>fused</osmand:provider>
          <osmand:speed>0.9</osmand:speed>
        </extensions>
      </trkpt>
      <trkpt lat="55.6748055" lon="12.5949648">
        <ele>40.5</ele>
        <time>2026-02-14T15:55:58Z</time>
        <hdop>4</hdop>
        <extensions>
          <osmand:provider>fused</osmand:provider>
          <osmand:speed>0.9</osmand:speed>
        </extensions>
      </trkpt>
      <trkpt lat="55.6747778" lon="12.5948889">
        <ele>40.2</ele>
        <time>2026-02-14T15:56:03Z</time>
        <hdop>4</hdop>
        <extensions>
          <osmand:provider>fused</osmand:provider>
          <osmand:speed>0.9</osmand:speed>
        </extensions>
      </trkpt>
      <trkpt lat="55.6747345" lon="12.5948346">
        <ele>39.9</ele>
        <time>2026-02-14T15:56:08Z</time>
        <hdop>4.4</hdop>
        <extensions>
          <osmand:provider>fused</osmand:provider>
          <osmand:speed>1</osmand:speed>
        </extensions>
      </trkpt>
      <trkpt lat="55.6747036" lon="12.5947324">
        <ele>39.9</ele>
        <time>2026-02-14T15:56:14Z</time>
        <hdop>4.5</hdop>
        <extensions>
          <osmand:provider>fused</osmand:provider>
          <osmand:speed>1</osmand:speed>
        </extensions>
      </trkpt>
      <trkpt lat="55.6746684" lon="12.5946749">
        <ele>40.1</ele>
        <time>2026-02-14T15:56:20Z</time>
        <hdop>4.6</hdop>
        <extensions>
          <osmand:provider>fused</osmand:provider>
          <osmand:speed>0.9</osmand:speed>
        </extensions>
      </trkpt>
      <trkpt lat="55.6745821" lon="12.5946995">
        <ele>39.9</ele>
        <time>2026-02-14T15:56:26Z</time>
        <hdop>6.4</hdop>
        <extensions>
          <osmand:provider>fused</osmand:provider>
          <osmand:speed>0.9</osmand:speed>
        </extensions>
      </trkpt>
      <trkpt lat="55.6745651" lon="12.5945788">
        <ele>39.9</ele>
        <time>2026-02-14T15:56:31Z</time>
        <hdop>5.4</hdop>
        <extensions>
          <osmand:provider>fused</osmand:provider>
          <osmand:speed>0.8</osmand:speed>
        </extensions>
      </trkpt>
      <trkpt lat="55.6745522" lon="12.5944686">
        <ele>39.9</ele>
        <time>2026-02-14T15:56:37Z</time>
        <hdop>3.7</hdop>
        <extensions>
          <osmand:provider>fused</osmand:provider>
          <osmand:speed>0.9</osmand:speed>
        </extensions>
      </trkpt>
      <trkpt lat="55.6745325" lon="12.5943761">
        <ele>39.9</ele>
        <time>2026-02-14T15:56:42Z</time>
        <hdop>4.3</hdop>
        <extensions>
          <osmand:provider>fused</osmand:provider>
          <osmand:speed>0.9</osmand:speed>
        </extensions>
      </trkpt>
      <trkpt lat="55.6744963" lon="12.5942852">
        <ele>39.9</ele>
        <time>2026-02-14T15:56:47Z</time>
        <hdop>5.6</hdop>
        <extensions>
          <osmand:provider>fused</osmand:provider>
          <osmand:speed>0.9</osmand:speed>
        </extensions>
      </trkpt>
      <trkpt lat="55.6744566" lon="12.5942573">
        <ele>39.9</ele>
        <time>2026-02-14T15:56:52Z</time>
        <hdop>6.3</hdop>
        <extensions>
          <osmand:provider>fused</osmand:provider>
          <osmand:speed>0.9</osmand:speed>
        </extensions>
      </trkpt>
      <trkpt lat="55.6743457" lon="12.594308">
        <ele>39.9</ele>
        <time>2026-02-14T15:56:57Z</time>
        <hdop>7.2</hdop>
        <extensions>
          <osmand:provider>fused</osmand:provider>
          <osmand:speed>1</osmand:speed>
        </extensions>
      </trkpt>
      <trkpt lat="55.6743376" lon="12.5942037">
        <ele>39.9</ele>
        <time>2026-02-14T15:57:02Z</time>
        <hdop>5.6</hdop>
        <extensions>
          <osmand:provider>fused</osmand:provider>
          <osmand:speed>0.8</osmand:speed>
        </extensions>
      </trkpt>
      <trkpt lat="55.674341" lon="12.5940938">
        <ele>39.9</ele>
        <time>2026-02-14T15:57:08Z</time>
        <hdop>5.9</hdop>
        <extensions>
          <osmand:provider>fused</osmand:provider>
          <osmand:speed>0.8</osmand:speed>
        </extensions>
      </trkpt>
      <trkpt lat="55.6743152" lon="12.5940316">
        <ele>39.8</ele>
        <time>2026-02-14T15:57:13Z</time>
        <hdop>3.8</hdop>
        <extensions>
          <osmand:provider>fused</osmand:provider>
          <osmand:speed>0.8</osmand:speed>
        </extensions>
      </trkpt>
      <trkpt lat="55.6742715" lon="12.5939636">
        <ele>39.8</ele>
        <time>2026-02-14T15:57:18Z</time>
        <hdop>5</hdop>
        <extensions>
          <osmand:provider>fused</osmand:provider>
          <osmand:speed>0.9</osmand:speed>
        </extensions>
      </trkpt>
      <trkpt lat="55.6742233" lon="12.5939077">
        <ele>39.8</ele>
        <time>2026-02-14T15:57:23Z</time>
        <hdop>4.8</hdop>
        <extensions>
          <osmand:provider>fused</osmand:provider>
          <osmand:speed>1</osmand:speed>
        </extensions>
      </trkpt>
      <trkpt lat="55.6741794" lon="12.5938582">
        <ele>39.8</ele>
        <time>2026-02-14T15:57:29Z</time>
        <hdop>5.2</hdop>
        <extensions>
          <osmand:provider>fused</osmand:provider>
          <osmand:speed>0.8</osmand:speed>
        </extensions>
      </trkpt>
      <trkpt lat="55.6740947" lon="12.5938376">
        <ele>39.8</ele>
        <time>2026-02-14T15:57:34Z</time>
        <hdop>5.1</hdop>
        <extensions>
          <osmand:provider>fused</osmand:provider>
          <osmand:speed>1.1</osmand:speed>
        </extensions>
      </trkpt>
      <trkpt lat="55.6740498" lon="12.5937866">
        <ele>39.8</ele>
        <time>2026-02-14T15:57:39Z</time>
        <hdop>4.8</hdop>
        <extensions>
          <osmand:provider>fused</osmand:provider>
          <osmand:speed>0.8</osmand:speed>
        </extensions>
      </trkpt>
      <trkpt lat="55.6740121" lon="12.5937462">
        <ele>39.9</ele>
        <time>2026-02-14T15:57:44Z</time>
        <hdop>5.3</hdop>
        <extensions>
          <osmand:provider>fused</osmand:provider>
          <osmand:speed>0.9</osmand:speed>
        </extensions>
      </trkpt>
      <trkpt lat="55.6739938" lon="12.5937005">
        <ele>39.9</ele>
        <time>2026-02-14T15:57:50Z</time>
        <hdop>5</hdop>
        <extensions>
          <osmand:provider>fused</osmand:provider>
          <osmand:speed>0.8</osmand:speed>
        </extensions>
      </trkpt>
      <trkpt lat="55.6739621" lon="12.593653">
        <ele>39.9</ele>
        <time>2026-02-14T15:57:55Z</time>
        <hdop>4.6</hdop>
        <extensions>
          <osmand:provider>fused</osmand:provider>
          <osmand:speed>0.8</osmand:speed>
        </extensions>
      </trkpt>
      <trkpt lat="55.6739234" lon="12.593601">
        <ele>39.9</ele>
        <time>2026-02-14T15:58:01Z</time>
        <hdop>5.2</hdop>
        <extensions>
          <osmand:provider>fused</osmand:provider>
          <osmand:speed>1</osmand:speed>
        </extensions>
      </trkpt>
      <trkpt lat="55.6738838" lon="12.5935418">
        <ele>39.9</ele>
        <time>2026-02-14T15:58:06Z</time>
        <hdop>5.6</hdop>
        <extensions>
          <osmand:provider>fused</osmand:provider>
          <osmand:speed>1</osmand:speed>
        </extensions>
      </trkpt>
      <trkpt lat="55.6738437" lon="12.5934875">
        <ele>40</ele>
        <time>2026-02-14T15:58:11Z</time>
        <hdop>6</hdop>
        <extensions>
          <osmand:provider>fused</osmand:provider>
          <osmand:speed>0.9</osmand:speed>
        </extensions>
      </trkpt>
      <trkpt lat="55.6738175" lon="12.5934514">
        <ele>39.9</ele>
        <time>2026-02-14T15:58:16Z</time>
        <hdop>6.1</hdop>
        <extensions>
          <osmand:provider>fused</osmand:provider>
          <osmand:speed>1</osmand:speed>
        </extensions>
      </trkpt>
      <trkpt lat="55.673785" lon="12.5934016">
        <ele>40</ele>
        <time>2026-02-14T15:58:21Z</time>
        <hdop>6.1</hdop>
        <extensions>
          <osmand:provider>fused</osmand:provider>
          <osmand:speed>1</osmand:speed>
        </extensions>
      </trkpt>
      <trkpt lat="55.6737499" lon="12.5933519">
        <ele>40</ele>
        <time>2026-02-14T15:58:27Z</time>
        <hdop>6</hdop>
        <extensions>
          <osmand:provider>fused</osmand:provider>
          <osmand:speed>1</osmand:speed>
        </extensions>
      </trkpt>
      <trkpt lat="55.6737218" lon="12.5932917">
        <ele>40</ele>
        <time>2026-02-14T15:58:32Z</time>
        <hdop>6.4</hdop>
        <extensions>
          <osmand:provider>fused</osmand:provider>
          <osmand:speed>0.8</osmand:speed>
        </extensions>
      </trkpt>
      <trkpt lat="55.673703" lon="12.5932266">
        <ele>40.3</ele>
        <time>2026-02-14T15:58:37Z</time>
        <hdop>6.5</hdop>
        <extensions>
          <osmand:provider>fused</osmand:provider>
          <osmand:speed>0.5</osmand:speed>
        </extensions>
      </trkpt>
      <trkpt lat="55.6737547" lon="12.5931842">
        <ele>40.6</ele>
        <time>2026-02-14T15:58:58Z</time>
        <hdop>7</hdop>
        <extensions>
          <osmand:provider>fused</osmand:provider>
          <osmand:speed>1.4</osmand:speed>
        </extensions>
      </trkpt>
      <trkpt lat="55.6737567" lon="12.5931311">
        <ele>40.4</ele>
        <time>2026-02-14T15:59:39Z</time>
        <hdop>3.9</hdop>
        <extensions>
          <osmand:provider>fused</osmand:provider>
          <osmand:speed>0.8</osmand:speed>
        </extensions>
      </trkpt>
      <trkpt lat="55.6737387" lon="12.5931045">
        <ele>40.7</ele>
        <time>2026-02-14T15:59:50Z</time>
        <hdop>4.3</hdop>
        <extensions>
          <osmand:provider>fused</osmand:provider>
          <osmand:speed>0.5</osmand:speed>
        </extensions>
      </trkpt>
      <trkpt lat="55.6737111" lon="12.5929934">
        <ele>40.3</ele>
        <time>2026-02-14T15:59:55Z</time>
        <hdop>4.6</hdop>
        <extensions>
          <osmand:provider>fused</osmand:provider>
          <osmand:speed>0.9</osmand:speed>
        </extensions>
      </trkpt>
      <trkpt lat="55.6736701" lon="12.592899">
        <ele>41.2</ele>
        <time>2026-02-14T16:00:01Z</time>
        <hdop>5.3</hdop>
        <extensions>
          <osmand:provider>fused</osmand:provider>
          <osmand:speed>0.7</osmand:speed>
        </extensions>
      </trkpt>
      <trkpt lat="55.6736284" lon="12.5928521">
        <ele>40.7</ele>
        <time>2026-02-14T16:00:06Z</time>
        <hdop>5</hdop>
        <extensions>
          <osmand:provider>fused</osmand:provider>
          <osmand:speed>0.7</osmand:speed>
        </extensions>
      </trkpt>
      <trkpt lat="55.673589" lon="12.5928185">
        <ele>40.7</ele>
        <time>2026-02-14T16:00:11Z</time>
        <hdop>4.7</hdop>
        <extensions>
          <osmand:provider>fused</osmand:provider>
          <osmand:speed>0.6</osmand:speed>
        </extensions>
      </trkpt>
      <trkpt lat="55.6735608" lon="12.5927902">
        <ele>42.6</ele>
        <time>2026-02-14T16:00:16Z</time>
        <hdop>4.7</hdop>
        <extensions>
          <osmand:provider>fused</osmand:provider>
          <osmand:speed>0.5</osmand:speed>
        </extensions>
      </trkpt>
      <trkpt lat="55.6735242" lon="12.592763">
        <ele>40.5</ele>
        <time>2026-02-14T16:00:22Z</time>
        <hdop>5</hdop>
        <extensions>
          <osmand:provider>fused</osmand:provider>
          <osmand:speed>0.7</osmand:speed>
        </extensions>
      </trkpt>
      <trkpt lat="55.6734888" lon="12.5927429">
        <ele>40.9</ele>
        <time>2026-02-14T16:00:27Z</time>
        <hdop>5.2</hdop>
        <extensions>
          <osmand:provider>fused</osmand:provider>
          <osmand:speed>0.6</osmand:speed>
        </extensions>
      </trkpt>
      <trkpt lat="55.6734816" lon="12.5927012">
        <ele>41.2</ele>
        <time>2026-02-14T16:00:33Z</time>
        <hdop>5.9</hdop>
        <extensions>
          <osmand:provider>fused</osmand:provider>
          <osmand:speed>0.4</osmand:speed>
        </extensions>
      </trkpt>
      <trkpt lat="55.6734604" lon="12.592681">
        <ele>40.7</ele>
        <time>2026-02-14T16:00:38Z</time>
        <hdop>6.6</hdop>
        <extensions>
          <osmand:provider>fused</osmand:provider>
          <osmand:speed>0.4</osmand:speed>
        </extensions>
      </trkpt>
      <trkpt lat="55.6734379" lon="12.5926652">
        <ele>40.7</ele>
        <time>2026-02-14T16:00:43Z</time>
        <hdop>7.2</hdop>
        <extensions>
          <osmand:provider>fused</osmand:provider>
          <osmand:speed>0.3</osmand:speed>
        </extensions>
      </trkpt>
      <trkpt lat="55.6733957" lon="12.592713">
        <ele>40.5</ele>
        <time>2026-02-14T16:00:53Z</time>
        <hdop>5.8</hdop>
        <extensions>
          <osmand:provider>fused</osmand:provider>
          <osmand:speed>0.3</osmand:speed>
        </extensions>
      </trkpt>
      <trkpt lat="55.6733609" lon="12.5925426">
        <ele>40.7</ele>
        <time>2026-02-14T16:01:19Z</time>
        <hdop>9.9</hdop>
        <extensions>
          <osmand:provider>fused</osmand:provider>
          <osmand:speed>0.4</osmand:speed>
        </extensions>
      </trkpt>
      <trkpt lat="55.6733659" lon="12.5926408">
        <ele>40.7</ele>
        <time>2026-02-14T16:01:33Z</time>
        <hdop>5.5</hdop>
        <extensions>
          <osmand:provider>fused</osmand:provider>
          <osmand:speed>0.3</osmand:speed>
        </extensions>
      </trkpt>
      <trkpt lat="55.6734055" lon="12.5924409">
        <ele>40.6</ele>
        <time>2026-02-14T16:01:55Z</time>
        <hdop>7.9</hdop>
        <extensions>
          <osmand:provider>fused</osmand:provider>
          <osmand:speed>0.7</osmand:speed>
        </extensions>
      </trkpt>
      <trkpt lat="55.6734346" lon="12.5924433">
        <ele>40.6</ele>
        <time>2026-02-14T16:02:23Z</time>
        <hdop>5.2</hdop>
        <extensions>
          <osmand:provider>fused</osmand:provider>
          <osmand:speed>0.3</osmand:speed>
        </extensions>
      </trkpt>
      <trkpt lat="55.6734145" lon="12.5923758">
        <ele>40.7</ele>
        <time>2026-02-14T16:02:56Z</time>
        <hdop>11.1</hdop>
        <extensions>
          <osmand:provider>fused</osmand:provider>
          <osmand:speed>0.5</osmand:speed>
        </extensions>
      </trkpt>
      <trkpt lat="55.6733994" lon="12.5924116">
        <ele>40.6</ele>
        <time>2026-02-14T16:03:36Z</time>
        <hdop>11.6</hdop>
        <extensions>
          <osmand:provider>fused</osmand:provider>
          <osmand:speed>1.5</osmand:speed>
        </extensions>
      </trkpt>
      <trkpt lat="55.6733563" lon="12.5924726">
        <ele>40.6</ele>
        <time>2026-02-14T16:03:42Z</time>
        <hdop>18.7</hdop>
        <extensions>
          <osmand:provider>fused</osmand:provider>
          <osmand:speed>0.7</osmand:speed>
        </extensions>
      </trkpt>
      <trkpt lat="55.6733579" lon="12.5923718">
        <ele>41.2</ele>
        <time>2026-02-14T16:04:04Z</time>
        <hdop>9.5</hdop>
        <extensions>
          <osmand:provider>fused</osmand:provider>
          <osmand:speed>0.8</osmand:speed>
        </extensions>
      </trkpt>
      <trkpt lat="55.6733701" lon="12.5924254">
        <ele>40.7</ele>
        <time>2026-02-14T16:05:19Z</time>
        <hdop>8.8</hdop>
        <extensions>
          <osmand:provider>fused</osmand:provider>
          <osmand:speed>0.4</osmand:speed>
        </extensions>
      </trkpt>
      <trkpt lat="55.6733426" lon="12.5923983">
        <ele>40.7</ele>
        <time>2026-02-14T16:05:30Z</time>
        <hdop>5.6</hdop>
        <extensions>
          <osmand:provider>fused</osmand:provider>
          <osmand:speed>0.3</osmand:speed>
        </extensions>
      </trkpt>
      <trkpt lat="55.673292" lon="12.5924922">
        <ele>40.7</ele>
        <time>2026-02-14T16:05:51Z</time>
        <hdop>3.1</hdop>
        <extensions>
          <osmand:provider>fused</osmand:provider>
          <osmand:speed>0.4</osmand:speed>
        </extensions>
      </trkpt>
      <trkpt lat="55.6733668" lon="12.5925144">
        <ele>41.2</ele>
        <time>2026-02-14T16:05:56Z</time>
        <hdop>3.4</hdop>
        <extensions>
          <osmand:provider>fused</osmand:provider>
          <osmand:speed>1.2</osmand:speed>
        </extensions>
      </trkpt>
      <trkpt lat="55.6733537" lon="12.5923298">
        <ele>40.8</ele>
        <time>2026-02-14T16:06:48Z</time>
        <hdop>3.8</hdop>
        <extensions>
          <osmand:provider>fused</osmand:provider>
          <osmand:speed>0.3</osmand:speed>
        </extensions>
      </trkpt>
      <trkpt lat="55.6733898" lon="12.592362">
        <ele>40.7</ele>
        <time>2026-02-14T16:06:54Z</time>
        <hdop>8.7</hdop>
        <extensions>
          <osmand:provider>fused</osmand:provider>
          <osmand:speed>0.6</osmand:speed>
        </extensions>
      </trkpt>
      <trkpt lat="55.6733973" lon="12.5923224">
        <ele>40.6</ele>
        <time>2026-02-14T16:07:35Z</time>
        <hdop>9.9</hdop>
        <extensions>
          <osmand:provider>fused</osmand:provider>
          <osmand:speed>0.8</osmand:speed>
        </extensions>
      </trkpt>
      <trkpt lat="55.6734435" lon="12.5922479">
        <ele>40.7</ele>
        <time>2026-02-14T16:07:40Z</time>
        <hdop>9.9</hdop>
        <extensions>
          <osmand:provider>fused</osmand:provider>
          <osmand:speed>1</osmand:speed>
        </extensions>
      </trkpt>
      <trkpt lat="55.6734892" lon="12.5922">
        <ele>40.7</ele>
        <time>2026-02-14T16:07:46Z</time>
        <hdop>9.9</hdop>
        <extensions>
          <osmand:provider>fused</osmand:provider>
          <osmand:speed>0.9</osmand:speed>
        </extensions>
      </trkpt>
      <trkpt lat="55.6735157" lon="12.5921237">
        <ele>40.3</ele>
        <time>2026-02-14T16:07:51Z</time>
        <hdop>9.3</hdop>
        <extensions>
          <osmand:provider>fused</osmand:provider>
          <osmand:speed>0.9</osmand:speed>
        </extensions>
      </trkpt>
      <trkpt lat="55.6735448" lon="12.5920429">
        <ele>40.3</ele>
        <time>2026-02-14T16:07:56Z</time>
        <hdop>8.6</hdop>
        <extensions>
          <osmand:provider>fused</osmand:provider>
          <osmand:speed>0.9</osmand:speed>
        </extensions>
      </trkpt>
      <trkpt lat="55.6735875" lon="12.5919975">
        <ele>40.3</ele>
        <time>2026-02-14T16:08:01Z</time>
        <hdop>9.4</hdop>
        <extensions>
          <osmand:provider>fused</osmand:provider>
          <osmand:speed>1</osmand:speed>
        </extensions>
      </trkpt>
      <trkpt lat="55.6736272" lon="12.5919554">
        <ele>40.3</ele>
        <time>2026-02-14T16:08:06Z</time>
        <hdop>7.9</hdop>
        <extensions>
          <osmand:provider>fused</osmand:provider>
          <osmand:speed>1</osmand:speed>
        </extensions>
      </trkpt>
      <trkpt lat="55.6736607" lon="12.5919055">
        <ele>40.3</ele>
        <time>2026-02-14T16:08:12Z</time>
        <hdop>7.9</hdop>
        <extensions>
          <osmand:provider>fused</osmand:provider>
          <osmand:speed>1.1</osmand:speed>
        </extensions>
      </trkpt>
      <trkpt lat="55.6736912" lon="12.591825">
        <ele>40.3</ele>
        <time>2026-02-14T16:08:17Z</time>
        <hdop>8.2</hdop>
        <extensions>
          <osmand:provider>fused</osmand:provider>
          <osmand:speed>1.2</osmand:speed>
        </extensions>
      </trkpt>
      <trkpt lat="55.6737139" lon="12.5917375">
        <ele>40.1</ele>
        <time>2026-02-14T16:08:22Z</time>
        <hdop>8.9</hdop>
        <extensions>
          <osmand:provider>fused</osmand:provider>
          <osmand:speed>1.2</osmand:speed>
        </extensions>
      </trkpt>
      <trkpt lat="55.6737376" lon="12.5916532">
        <ele>40.2</ele>
        <time>2026-02-14T16:08:28Z</time>
        <hdop>8.9</hdop>
        <extensions>
          <osmand:provider>fused</osmand:provider>
          <osmand:speed>1.1</osmand:speed>
        </extensions>
      </trkpt>
      <trkpt lat="55.6737272" lon="12.5916015">
        <ele>39.9</ele>
        <time>2026-02-14T16:08:33Z</time>
        <hdop>8.4</hdop>
        <extensions>
          <osmand:provider>fused</osmand:provider>
          <osmand:speed>0.5</osmand:speed>
        </extensions>
      </trkpt>
      <trkpt lat="55.6737644" lon="12.5916085">
        <ele>39.9</ele>
        <time>2026-02-14T16:08:45Z</time>
        <hdop>6.5</hdop>
        <extensions>
          <osmand:provider>fused</osmand:provider>
          <osmand:speed>0.4</osmand:speed>
        </extensions>
      </trkpt>
      <trkpt lat="55.6737849" lon="12.5915063">
        <ele>40</ele>
        <time>2026-02-14T16:08:51Z</time>
        <hdop>6.3</hdop>
        <extensions>
          <osmand:provider>fused</osmand:provider>
          <osmand:speed>0.9</osmand:speed>
        </extensions>
      </trkpt>
      <trkpt lat="55.6737623" lon="12.5916745">
        <ele>40.1</ele>
        <time>2026-02-14T16:09:17Z</time>
        <hdop>6.9</hdop>
        <extensions>
          <osmand:provider>fused</osmand:provider>
          <osmand:speed>0.6</osmand:speed>
        </extensions>
      </trkpt>
      <trkpt lat="55.6737904" lon="12.5916533">
        <ele>40</ele>
        <time>2026-02-14T16:09:44Z</time>
        <hdop>10.2</hdop>
        <extensions>
          <osmand:provider>fused</osmand:provider>
          <osmand:speed>0.6</osmand:speed>
        </extensions>
      </trkpt>
      <trkpt lat="55.6738346" lon="12.5916537">
        <ele>40.1</ele>
        <time>2026-02-14T16:09:51Z</time>
        <hdop>11.2</hdop>
        <extensions>
          <osmand:provider>fused</osmand:provider>
          <osmand:speed>1.2</osmand:speed>
        </extensions>
      </trkpt>
      <trkpt lat="55.6738405" lon="12.5916876">
        <ele>40.3</ele>
        <time>2026-02-14T16:09:58Z</time>
        <hdop>12.4</hdop>
        <extensions>
          <osmand:provider>fused</osmand:provider>
          <osmand:speed>0.3</osmand:speed>
        </extensions>
      </trkpt>
      <trkpt lat="55.67384" lon="12.5916361">
        <ele>40</ele>
        <time>2026-02-14T16:10:03Z</time>
        <hdop>10.8</hdop>
        <extensions>
          <osmand:provider>fused</osmand:provider>
          <osmand:speed>0.6</osmand:speed>
        </extensions>
      </trkpt>
      <trkpt lat="55.6738669" lon="12.5916016">
        <ele>40</ele>
        <time>2026-02-14T16:10:08Z</time>
        <hdop>10.3</hdop>
        <extensions>
          <osmand:provider>fused</osmand:provider>
          <osmand:speed>0.5</osmand:speed>
        </extensions>
      </trkpt>
      <trkpt lat="55.6739214" lon="12.591569">
        <ele>40.2</ele>
        <time>2026-02-14T16:10:14Z</time>
        <hdop>12.1</hdop>
        <extensions>
          <osmand:provider>fused</osmand:provider>
          <osmand:speed>0.6</osmand:speed>
        </extensions>
      </trkpt>
      <trkpt lat="55.673968" lon="12.5915827">
        <ele>40.1</ele>
        <time>2026-02-14T16:10:38Z</time>
        <hdop>13.5</hdop>
        <extensions>
          <osmand:provider>fused</osmand:provider>
          <osmand:speed>0.5</osmand:speed>
        </extensions>
      </trkpt>
      <trkpt lat="55.6739859" lon="12.5915327">
        <ele>40.4</ele>
        <time>2026-02-14T16:10:43Z</time>
        <hdop>10.3</hdop>
        <extensions>
          <osmand:provider>fused</osmand:provider>
          <osmand:speed>0.6</osmand:speed>
        </extensions>
      </trkpt>
      <trkpt lat="55.6739985" lon="12.5914704">
        <ele>39.9</ele>
        <time>2026-02-14T16:10:48Z</time>
        <hdop>9.5</hdop>
        <extensions>
          <osmand:provider>fused</osmand:provider>
          <osmand:speed>0.9</osmand:speed>
        </extensions>
      </trkpt>
      <trkpt lat="55.6740038" lon="12.5913898">
        <ele>39.9</ele>
        <time>2026-02-14T16:10:54Z</time>
        <hdop>10.6</hdop>
        <extensions>
          <osmand:provider>fused</osmand:provider>
          <osmand:speed>1</osmand:speed>
        </extensions>
      </trkpt>
      <trkpt lat="55.6740082" lon="12.5913388">
        <ele>39.9</ele>
        <time>2026-02-14T16:10:59Z</time>
        <hdop>8.7</hdop>
        <extensions>
          <osmand:provider>fused</osmand:provider>
          <osmand:speed>0.7</osmand:speed>
        </extensions>
      </trkpt>
      <trkpt lat="55.6739893" lon="12.5913411">
        <ele>39.9</ele>
        <time>2026-02-14T16:11:04Z</time>
        <hdop>7.6</hdop>
        <extensions>
          <osmand:provider>fused</osmand:provider>
          <osmand:speed>0.3</osmand:speed>
        </extensions>
      </trkpt>
      <trkpt lat="55.67394" lon="12.5912828">
        <ele>40.1</ele>
        <time>2026-02-14T16:11:09Z</time>
        <hdop>4.9</hdop>
        <extensions>
          <osmand:provider>fused</osmand:provider>
          <osmand:speed>0.5</osmand:speed>
        </extensions>
      </trkpt>
      <trkpt lat="55.673945" lon="12.5912148">
        <ele>40.1</ele>
        <time>2026-02-14T16:11:15Z</time>
        <hdop>5.1</hdop>
        <extensions>
          <osmand:provider>fused</osmand:provider>
          <osmand:speed>0.7</osmand:speed>
        </extensions>
      </trkpt>
      <trkpt lat="55.6739217" lon="12.5911316">
        <ele>40.1</ele>
        <time>2026-02-14T16:11:20Z</time>
        <hdop>5.8</hdop>
        <extensions>
          <osmand:provider>fused</osmand:provider>
          <osmand:speed>0.7</osmand:speed>
        </extensions>
      </trkpt>
      <trkpt lat="55.6738959" lon="12.5910874">
        <ele>40</ele>
        <time>2026-02-14T16:11:25Z</time>
        <hdop>5.6</hdop>
        <extensions>
          <osmand:provider>fused</osmand:provider>
          <osmand:speed>0.4</osmand:speed>
        </extensions>
      </trkpt>
      <trkpt lat="55.6738677" lon="12.5910584">
        <ele>40</ele>
        <time>2026-02-14T16:11:35Z</time>
        <hdop>4.8</hdop>
        <extensions>
          <osmand:provider>fused</osmand:provider>
          <osmand:speed>0.5</osmand:speed>
        </extensions>
      </trkpt>
      <trkpt lat="55.6738091" lon="12.5909969">
        <ele>40.1</ele>
        <time>2026-02-14T16:11:41Z</time>
        <hdop>5</hdop>
        <extensions>
          <osmand:provider>fused</osmand:provider>
          <osmand:speed>1</osmand:speed>
        </extensions>
      </trkpt>
      <trkpt lat="55.6737494" lon="12.5909189">
        <ele>40.1</ele>
        <time>2026-02-14T16:11:46Z</time>
        <hdop>5.1</hdop>
        <extensions>
          <osmand:provider>fused</osmand:provider>
          <osmand:speed>1</osmand:speed>
        </extensions>
      </trkpt>
      <trkpt lat="55.6737099" lon="12.5908383">
        <ele>40.2</ele>
        <time>2026-02-14T16:11:51Z</time>
        <hdop>5.9</hdop>
        <extensions>
          <osmand:provider>fused</osmand:provider>
          <osmand:speed>0.8</osmand:speed>
        </extensions>
      </trkpt>
      <trkpt lat="55.6736579" lon="12.5907717">
        <ele>40.2</ele>
        <time>2026-02-14T16:11:56Z</time>
        <hdop>5.8</hdop>
        <extensions>
          <osmand:provider>fused</osmand:provider>
          <osmand:speed>1</osmand:speed>
        </extensions>
      </trkpt>
      <trkpt lat="55.6735962" lon="12.5907117">
        <ele>40.1</ele>
        <time>2026-02-14T16:12:01Z</time>
        <hdop>6.2</hdop>
        <extensions>
          <osmand:provider>fused</osmand:provider>
          <osmand:speed>1</osmand:speed>
        </extensions>
      </trkpt>
      <trkpt lat="55.6735369" lon="12.5906411">
        <ele>40.1</ele>
        <time>2026-02-14T16:12:06Z</time>
        <hdop>6.7</hdop>
        <extensions>
          <osmand:provider>fused</osmand:provider>
          <osmand:speed>1.1</osmand:speed>
        </extensions>
      </trkpt>
      <trkpt lat="55.673496" lon="12.5905488">
        <ele>40.2</ele>
        <time>2026-02-14T16:12:12Z</time>
        <hdop>7.2</hdop>
        <extensions>
          <osmand:provider>fused</osmand:provider>
          <osmand:speed>1.1</osmand:speed>
        </extensions>
      </trkpt>
      <trkpt lat="55.6734221" lon="12.5904387">
        <ele>40.2</ele>
        <time>2026-02-14T16:12:17Z</time>
        <hdop>7.5</hdop>
        <extensions>
          <osmand:provider>fused</osmand:provider>
          <osmand:speed>1.1</osmand:speed>
        </extensions>
      </trkpt>
      <trkpt lat="55.6733708" lon="12.5903473">
        <ele>40.3</ele>
        <time>2026-02-14T16:12:22Z</time>
        <hdop>6.9</hdop>
        <extensions>
          <osmand:provider>fused</osmand:provider>
          <osmand:speed>1.1</osmand:speed>
        </extensions>
      </trkpt>
      <trkpt lat="55.6733431" lon="12.5902559">
        <ele>40.3</ele>
        <time>2026-02-14T16:12:27Z</time>
        <hdop>7.5</hdop>
        <extensions>
          <osmand:provider>fused</osmand:provider>
          <osmand:speed>1</osmand:speed>
        </extensions>
      </trkpt>
      <trkpt lat="55.6733023" lon="12.5902337">
        <ele>40.4</ele>
        <time>2026-02-14T16:12:33Z</time>
        <hdop>7.5</hdop>
        <extensions>
          <osmand:provider>fused</osmand:provider>
          <osmand:speed>0.9</osmand:speed>
        </extensions>
      </trkpt>
      <trkpt lat="55.673294" lon="12.590152">
        <ele>40.4</ele>
        <time>2026-02-14T16:12:39Z</time>
        <hdop>6.3</hdop>
        <extensions>
          <osmand:provider>fused</osmand:provider>
          <osmand:speed>0.7</osmand:speed>
        </extensions>
      </trkpt>
      <trkpt lat="55.6732777" lon="12.5901927">
        <ele>40.4</ele>
        <time>2026-02-14T16:13:23Z</time>
        <hdop>8.8</hdop>
        <extensions>
          <osmand:provider>fused</osmand:provider>
          <osmand:speed>0.7</osmand:speed>
        </extensions>
      </trkpt>
      <trkpt lat="55.6732481" lon="12.5900704">
        <ele>40.6</ele>
        <time>2026-02-14T16:13:32Z</time>
        <hdop>17.8</hdop>
        <extensions>
          <osmand:provider>fused</osmand:provider>
          <osmand:speed>0.4</osmand:speed>
        </extensions>
      </trkpt>
      <trkpt lat="55.6732901" lon="12.5901576">
        <ele>40.5</ele>
        <time>2026-02-14T16:13:38Z</time>
        <hdop>16.5</hdop>
        <extensions>
          <osmand:provider>fused</osmand:provider>
          <osmand:speed>0.8</osmand:speed>
        </extensions>
      </trkpt>
      <trkpt lat="55.6732398" lon="12.5900125">
        <ele>40.4</ele>
        <time>2026-02-14T16:13:43Z</time>
        <hdop>12.5</hdop>
        <extensions>
          <osmand:provider>fused</osmand:provider>
          <osmand:speed>0.8</osmand:speed>
        </extensions>
      </trkpt>
      <trkpt lat="55.6732982" lon="12.5898772">
        <ele>40.4</ele>
        <time>2026-02-14T16:13:49Z</time>
        <hdop>5.4</hdop>
        <extensions>
          <osmand:provider>fused</osmand:provider>
          <osmand:speed>0.9</osmand:speed>
        </extensions>
      </trkpt>
      <trkpt lat="55.6733337" lon="12.5898172">
        <ele>40.4</ele>
        <time>2026-02-14T16:13:54Z</time>
        <hdop>3.7</hdop>
        <extensions>
          <osmand:provider>fused</osmand:provider>
          <osmand:speed>0.9</osmand:speed>
        </extensions>
      </trkpt>
      <trkpt lat="55.6733521" lon="12.5897762">
        <ele>40.4</ele>
        <time>2026-02-14T16:13:59Z</time>
        <hdop>3.8</hdop>
        <extensions>
          <osmand:provider>fused</osmand:provider>
          <osmand:speed>0.5</osmand:speed>
        </extensions>
      </trkpt>
      <trkpt lat="55.6733746" lon="12.5897688">
        <ele>40.4</ele>
        <time>2026-02-14T16:14:33Z</time>
        <hdop>3.7</hdop>
        <extensions>
          <osmand:provider>fused</osmand:provider>
          <osmand:speed>0.4</osmand:speed>
        </extensions>
      </trkpt>
      <trkpt lat="55.6734114" lon="12.5896935">
        <ele>40.3</ele>
        <time>2026-02-14T16:14:39Z</time>
        <hdop>4</hdop>
        <extensions>
          <osmand:provider>fused</osmand:provider>
          <osmand:speed>0.8</osmand:speed>
        </extensions>
      </trkpt>
      <trkpt lat="55.6734376" lon="12.5896344">
        <ele>40.3</ele>
        <time>2026-02-14T16:14:44Z</time>
        <hdop>3.8</hdop>
        <extensions>
          <osmand:provider>fused</osmand:provider>
          <osmand:speed>0.9</osmand:speed>
        </extensions>
      </trkpt>
      <trkpt lat="55.6734757" lon="12.5895458">
        <ele>40.3</ele>
        <time>2026-02-14T16:14:49Z</time>
        <hdop>4.1</hdop>
        <extensions>
          <osmand:provider>fused</osmand:provider>
          <osmand:speed>1.2</osmand:speed>
        </extensions>
      </trkpt>
      <trkpt lat="55.6735175" lon="12.5894756">
        <ele>40.4</ele>
        <time>2026-02-14T16:14:54Z</time>
        <hdop>3.9</hdop>
        <extensions>
          <osmand:provider>fused</osmand:provider>
          <osmand:speed>1.1</osmand:speed>
        </extensions>
      </trkpt>
      <trkpt lat="55.6735557" lon="12.5894088">
        <ele>40.6</ele>
        <time>2026-02-14T16:14:59Z</time>
        <hdop>3.7</hdop>
        <extensions>
          <osmand:provider>fused</osmand:provider>
          <osmand:speed>1.1</osmand:speed>
        </extensions>
      </trkpt>
      <trkpt lat="55.6736067" lon="12.589373">
        <ele>41</ele>
        <time>2026-02-14T16:15:04Z</time>
        <hdop>3.6</hdop>
        <extensions>
          <osmand:provider>fused</osmand:provider>
          <osmand:speed>1.2</osmand:speed>
        </extensions>
      </trkpt>
      <trkpt lat="55.673648" lon="12.5893436">
        <ele>41</ele>
        <time>2026-02-14T16:15:09Z</time>
        <hdop>4.1</hdop>
        <extensions>
          <osmand:provider>fused</osmand:provider>
          <osmand:speed>1.1</osmand:speed>
        </extensions>
      </trkpt>
      <trkpt lat="55.6736581" lon="12.5893128">
        <ele>40.8</ele>
        <time>2026-02-14T16:15:21Z</time>
        <hdop>3.6</hdop>
        <extensions>
          <osmand:provider>fused</osmand:provider>
          <osmand:speed>1.1</osmand:speed>
        </extensions>
      </trkpt>
      <trkpt lat="55.6736601" lon="12.5892464">
        <ele>40.8</ele>
        <time>2026-02-14T16:15:27Z</time>
        <hdop>3.5</hdop>
        <extensions>
          <osmand:provider>fused</osmand:provider>
          <osmand:speed>1.2</osmand:speed>
        </extensions>
      </trkpt>
      <trkpt lat="55.6736744" lon="12.589192">
        <ele>40.9</ele>
        <time>2026-02-14T16:15:32Z</time>
        <hdop>4</hdop>
        <extensions>
          <osmand:provider>fused</osmand:provider>
          <osmand:speed>1.2</osmand:speed>
        </extensions>
      </trkpt>
      <trkpt lat="55.6737052" lon="12.5891312">
        <ele>40.9</ele>
        <time>2026-02-14T16:15:37Z</time>
        <hdop>4.9</hdop>
        <extensions>
          <osmand:provider>fused</osmand:provider>
          <osmand:speed>1.1</osmand:speed>
        </extensions>
      </trkpt>
      <trkpt lat="55.6737441" lon="12.5891154">
        <ele>40.9</ele>
        <time>2026-02-14T16:15:42Z</time>
        <hdop>4.5</hdop>
        <extensions>
          <osmand:provider>fused</osmand:provider>
          <osmand:speed>1.2</osmand:speed>
        </extensions>
      </trkpt>
      <trkpt lat="55.6738158" lon="12.589049">
        <ele>40.9</ele>
        <time>2026-02-14T16:15:48Z</time>
        <hdop>3.3</hdop>
        <extensions>
          <osmand:provider>fused</osmand:provider>
          <osmand:speed>1.3</osmand:speed>
        </extensions>
      </trkpt>
      <trkpt lat="55.6738735" lon="12.5889515">
        <ele>58.1</ele>
        <time>2026-02-14T16:15:53Z</time>
        <hdop>3.4</hdop>
        <extensions>
          <osmand:provider>fused</osmand:provider>
          <osmand:speed>1.2</osmand:speed>
        </extensions>
      </trkpt>
      <trkpt lat="55.6739102" lon="12.588863">
        <ele>58.1</ele>
        <time>2026-02-14T16:15:58Z</time>
        <hdop>4.3</hdop>
        <extensions>
          <osmand:provider>fused</osmand:provider>
          <osmand:speed>1.1</osmand:speed>
        </extensions>
      </trkpt>
      <trkpt lat="55.6739436" lon="12.5887401">
        <ele>58.1</ele>
        <time>2026-02-14T16:16:03Z</time>
        <hdop>5.1</hdop>
        <extensions>
          <osmand:provider>fused</osmand:provider>
          <osmand:speed>1.3</osmand:speed>
        </extensions>
      </trkpt>
      <trkpt lat="55.6740076" lon="12.5886541">
        <ele>57.5</ele>
        <time>2026-02-14T16:16:09Z</time>
        <hdop>4.6</hdop>
        <extensions>
          <osmand:provider>fused</osmand:provider>
          <osmand:speed>1.1</osmand:speed>
        </extensions>
      </trkpt>
      <trkpt lat="55.6740487" lon="12.5885942">
        <ele>57.5</ele>
        <time>2026-02-14T16:16:14Z</time>
        <hdop>5.5</hdop>
        <extensions>
          <osmand:provider>fused</osmand:provider>
          <osmand:speed>0.9</osmand:speed>
        </extensions>
      </trkpt>
      <trkpt lat="55.6741064" lon="12.5884556">
        <ele>57.5</ele>
        <time>2026-02-14T16:16:20Z</time>
        <hdop>5.2</hdop>
        <extensions>
          <osmand:provider>fused</osmand:provider>
          <osmand:speed>1</osmand:speed>
        </extensions>
      </trkpt>
      <trkpt lat="55.674155" lon="12.5883993">
        <ele>44.4</ele>
        <time>2026-02-14T16:16:25Z</time>
        <hdop>3.9</hdop>
        <extensions>
          <osmand:provider>fused</osmand:provider>
          <osmand:speed>1.1</osmand:speed>
        </extensions>
      </trkpt>
      <trkpt lat="55.6742319" lon="12.5883206">
        <ele>44.4</ele>
        <time>2026-02-14T16:16:31Z</time>
        <hdop>5</hdop>
        <extensions>
          <osmand:provider>fused</osmand:provider>
          <osmand:speed>1.1</osmand:speed>
        </extensions>
      </trkpt>
      <trkpt lat="55.6742781" lon="12.58828">
        <ele>44.4</ele>
        <time>2026-02-14T16:16:36Z</time>
        <hdop>5.2</hdop>
        <extensions>
          <osmand:provider>fused</osmand:provider>
          <osmand:speed>1.1</osmand:speed>
        </extensions>
      </trkpt>
      <trkpt lat="55.6743265" lon="12.5881946">
        <ele>58.1</ele>
        <time>2026-02-14T16:16:42Z</time>
        <hdop>4.8</hdop>
        <extensions>
          <osmand:provider>fused</osmand:provider>
          <osmand:speed>1.3</osmand:speed>
        </extensions>
      </trkpt>
      <trkpt lat="55.6743701" lon="12.5881497">
        <ele>44.4</ele>
        <time>2026-02-14T16:16:47Z</time>
        <hdop>5.4</hdop>
        <extensions>
          <osmand:provider>fused</osmand:provider>
          <osmand:speed>1.2</osmand:speed>
        </extensions>
      </trkpt>
      <trkpt lat="55.6743993" lon="12.5881116">
        <ele>50.7</ele>
        <time>2026-02-14T16:16:52Z</time>
        <hdop>5.4</hdop>
        <extensions>
          <osmand:provider>fused</osmand:provider>
          <osmand:speed>1</osmand:speed>
        </extensions>
      </trkpt>
      <trkpt lat="55.6744352" lon="12.588033">
        <ele>50.7</ele>
        <time>2026-02-14T16:16:57Z</time>
        <hdop>5.3</hdop>
        <extensions>
          <osmand:provider>fused</osmand:provider>
          <osmand:speed>1.1</osmand:speed>
        </extensions>
      </trkpt>
      <trkpt lat="55.6744604" lon="12.5879838">
        <ele>57.5</ele>
        <time>2026-02-14T16:17:03Z</time>
        <hdop>5.1</hdop>
        <extensions>
          <osmand:provider>fused</osmand:provider>
          <osmand:speed>1.1</osmand:speed>
        </extensions>
      </trkpt>
      <trkpt lat="55.6744315" lon="12.5879937">
        <ele>57.7</ele>
        <time>2026-02-14T16:17:55Z</time>
        <hdop>3.8</hdop>
        <extensions>
          <osmand:provider>fused</osmand:provider>
          <osmand:speed>0.4</osmand:speed>
        </extensions>
      </trkpt>
      <trkpt lat="55.6744436" lon="12.5880308">
        <ele>52.9</ele>
        <time>2026-02-14T16:18:35Z</time>
        <hdop>4.2</hdop>
        <extensions>
          <osmand:provider>fused</osmand:provider>
          <osmand:speed>0.4</osmand:speed>
        </extensions>
      </trkpt>
      <trkpt lat="55.6744265" lon="12.5879841">
        <ele>57.8</ele>
        <time>2026-02-14T16:18:40Z</time>
        <hdop>13.1</hdop>
        <extensions>
          <osmand:provider>fused</osmand:provider>
          <osmand:speed>1.2</osmand:speed>
        </extensions>
      </trkpt>
      <trkpt lat="55.6744909" lon="12.5880721">
        <ele>46.7</ele>
        <time>2026-02-14T16:18:45Z</time>
        <hdop>9.7</hdop>
        <extensions>
          <osmand:provider>fused</osmand:provider>
          <osmand:speed>0.7</osmand:speed>
        </extensions>
      </trkpt>
      <trkpt lat="55.6745173" lon="12.5879319">
        <ele>46.7</ele>
        <time>2026-02-14T16:18:51Z</time>
        <hdop>8.3</hdop>
        <extensions>
          <osmand:provider>fused</osmand:provider>
          <osmand:speed>0.9</osmand:speed>
        </extensions>
      </trkpt>
      <trkpt lat="55.6745485" lon="12.5878892">
        <ele>45.6</ele>
        <time>2026-02-14T16:18:56Z</time>
        <hdop>5</hdop>
        <extensions>
          <osmand:provider>fused</osmand:provider>
          <osmand:speed>0.9</osmand:speed>
        </extensions>
      </trkpt>
      <trkpt lat="55.6745711" lon="12.5878724">
        <ele>45</ele>
        <time>2026-02-14T16:19:02Z</time>
        <hdop>4.4</hdop>
        <extensions>
          <osmand:provider>fused</osmand:provider>
          <osmand:speed>0.9</osmand:speed>
        </extensions>
      </trkpt>
      <trkpt lat="55.6745839" lon="12.5877977">
        <ele>57.5</ele>
        <time>2026-02-14T16:19:07Z</time>
        <hdop>3.3</hdop>
        <extensions>
          <osmand:provider>fused</osmand:provider>
          <osmand:speed>0.8</osmand:speed>
        </extensions>
      </trkpt>
      <trkpt lat="55.6746007" lon="12.5877775">
        <ele>57.8</ele>
        <time>2026-02-14T16:19:12Z</time>
        <hdop>3.8</hdop>
        <extensions>
          <osmand:provider>fused</osmand:provider>
          <osmand:speed>0.7</osmand:speed>
        </extensions>
      </trkpt>
      <trkpt lat="55.6746385" lon="12.5877223">
        <ele>57.5</ele>
        <time>2026-02-14T16:19:26Z</time>
        <hdop>3.2</hdop>
        <extensions>
          <osmand:provider>fused</osmand:provider>
          <osmand:speed>0.3</osmand:speed>
        </extensions>
      </trkpt>
      <trkpt lat="55.6746816" lon="12.5876456">
        <ele>45</ele>
        <time>2026-02-14T16:19:31Z</time>
        <hdop>3.1</hdop>
        <extensions>
          <osmand:provider>fused</osmand:provider>
          <osmand:speed>1.2</osmand:speed>
        </extensions>
      </trkpt>
      <trkpt lat="55.6747265" lon="12.5875843">
        <ele>45</ele>
        <time>2026-02-14T16:19:37Z</time>
        <hdop>4.4</hdop>
        <extensions>
          <osmand:provider>fused</osmand:provider>
          <osmand:speed>1.1</osmand:speed>
        </extensions>
      </trkpt>
      <trkpt lat="55.674759" lon="12.5875125">
        <ele>45</ele>
        <time>2026-02-14T16:19:42Z</time>
        <hdop>4.6</hdop>
        <extensions>
          <osmand:provider>fused</osmand:provider>
          <osmand:speed>1</osmand:speed>
        </extensions>
      </trkpt>
      <trkpt lat="55.6747998" lon="12.5874363">
        <ele>45</ele>
        <time>2026-02-14T16:19:47Z</time>
        <hdop>4.5</hdop>
        <extensions>
          <osmand:provider>fused</osmand:provider>
          <osmand:speed>1.1</osmand:speed>
        </extensions>
      </trkpt>
      <trkpt lat="55.6748338" lon="12.5873803">
        <ele>46.7</ele>
        <time>2026-02-14T16:19:52Z</time>
        <hdop>4.3</hdop>
        <extensions>
          <osmand:provider>fused</osmand:provider>
          <osmand:speed>1.1</osmand:speed>
        </extensions>
      </trkpt>
      <trkpt lat="55.6748681" lon="12.5873035">
        <ele>44.8</ele>
        <time>2026-02-14T16:19:58Z</time>
        <hdop>5.3</hdop>
        <extensions>
          <osmand:provider>fused</osmand:provider>
          <osmand:speed>1.1</osmand:speed>
        </extensions>
      </trkpt>
      <trkpt lat="55.674901" lon="12.5872516">
        <ele>44.8</ele>
        <time>2026-02-14T16:20:03Z</time>
        <hdop>5.2</hdop>
        <extensions>
          <osmand:provider>fused</osmand:provider>
          <osmand:speed>1</osmand:speed>
        </extensions>
      </trkpt>
      <trkpt lat="55.6749428" lon="12.5871671">
        <ele>45</ele>
        <time>2026-02-14T16:20:08Z</time>
        <hdop>5.3</hdop>
        <extensions>
          <osmand:provider>fused</osmand:provider>
          <osmand:speed>1.2</osmand:speed>
        </extensions>
      </trkpt>
      <trkpt lat="55.674969" lon="12.5871127">
        <ele>44.8</ele>
        <time>2026-02-14T16:20:13Z</time>
        <hdop>5.4</hdop>
        <extensions>
          <osmand:provider>fused</osmand:provider>
          <osmand:speed>1</osmand:speed>
        </extensions>
      </trkpt>
      <trkpt lat="55.675007" lon="12.5870837">
        <ele>44.7</ele>
        <time>2026-02-14T16:20:19Z</time>
        <hdop>4.9</hdop>
        <extensions>
          <osmand:provider>fused</osmand:provider>
          <osmand:speed>0.7</osmand:speed>
        </extensions>
      </trkpt>
      <trkpt lat="55.6750405" lon="12.5870073">
        <ele>46.7</ele>
        <time>2026-02-14T16:20:25Z</time>
        <hdop>4.6</hdop>
        <extensions>
          <osmand:provider>fused</osmand:provider>
          <osmand:speed>1</osmand:speed>
        </extensions>
      </trkpt>
      <trkpt lat="55.6750631" lon="12.5870033">
        <ele>46.7</ele>
        <time>2026-02-14T16:20:30Z</time>
        <hdop>3.8</hdop>
        <extensions>
          <osmand:provider>fused</osmand:provider>
          <osmand:speed>0.9</osmand:speed>
        </extensions>
      </trkpt>
      <trkpt lat="55.6750437" lon="12.5870793">
        <ele>46.4</ele>
        <time>2026-02-14T16:20:35Z</time>
        <hdop>3.8</hdop>
        <extensions>
          <osmand:provider>fused</osmand:provider>
          <osmand:speed>0.3</osmand:speed>
        </extensions>
      </trkpt>
      <trkpt lat="55.6750287" lon="12.5870987">
        <ele>46.8</ele>
        <time>2026-02-14T16:20:56Z</time>
        <hdop>3.1</hdop>
        <extensions>
          <osmand:provider>fused</osmand:provider>
          <osmand:speed>0.4</osmand:speed>
        </extensions>
      </trkpt>
      <trkpt lat="55.6750705" lon="12.5870063">
        <ele>46.7</ele>
        <time>2026-02-14T16:21:01Z</time>
        <hdop>3.2</hdop>
        <extensions>
          <osmand:provider>fused</osmand:provider>
          <osmand:speed>0.9</osmand:speed>
        </extensions>
      </trkpt>
      <trkpt lat="55.6751065" lon="12.5869283">
        <ele>46.7</ele>
        <time>2026-02-14T16:21:06Z</time>
        <hdop>3.9</hdop>
        <extensions>
          <osmand:provider>fused</osmand:provider>
          <osmand:speed>1</osmand:speed>
        </extensions>
      </trkpt>
      <trkpt lat="55.6751501" lon="12.5868419">
        <ele>46.7</ele>
        <time>2026-02-14T16:21:12Z</time>
        <hdop>4</hdop>
        <extensions>
          <osmand:provider>fused</osmand:provider>
          <osmand:speed>1</osmand:speed>
        </extensions>
      </trkpt>
      <trkpt lat="55.6751983" lon="12.5867508">
        <ele>46.7</ele>
        <time>2026-02-14T16:21:18Z</time>
        <hdop>4.5</hdop>
        <extensions>
          <osmand:provider>fused</osmand:provider>
          <osmand:speed>0.9</osmand:speed>
        </extensions>
      </trkpt>
      <trkpt lat="55.6752637" lon="12.5866771">
        <ele>46.7</ele>
        <time>2026-02-14T16:21:23Z</time>
        <hdop>4.5</hdop>
        <extensions>
          <osmand:provider>fused</osmand:provider>
          <osmand:speed>1</osmand:speed>
        </extensions>
      </trkpt>
      <trkpt lat="55.6753074" lon="12.5866408">
        <ele>46.3</ele>
        <time>2026-02-14T16:21:29Z</time>
        <hdop>4.4</hdop>
        <extensions>
          <osmand:provider>fused</osmand:provider>
          <osmand:speed>1.1</osmand:speed>
        </extensions>
      </trkpt>
      <trkpt lat="55.6753479" lon="12.5866038">
        <ele>42.3</ele>
        <time>2026-02-14T16:21:34Z</time>
        <hdop>5.7</hdop>
        <extensions>
          <osmand:provider>fused</osmand:provider>
          <osmand:speed>0.7</osmand:speed>
        </extensions>
      </trkpt>
      <trkpt lat="55.6753596" lon="12.586558">
        <ele>43</ele>
        <time>2026-02-14T16:21:39Z</time>
        <hdop>5.8</hdop>
        <extensions>
          <osmand:provider>fused</osmand:provider>
          <osmand:speed>0.8</osmand:speed>
        </extensions>
      </trkpt>
      <trkpt lat="55.6753808" lon="12.5864842">
        <ele>42.7</ele>
        <time>2026-02-14T16:21:44Z</time>
        <hdop>4.9</hdop>
        <extensions>
          <osmand:provider>fused</osmand:provider>
          <osmand:speed>1.1</osmand:speed>
        </extensions>
      </trkpt>
      <trkpt lat="55.6754095" lon="12.586437">
        <ele>42.7</ele>
        <time>2026-02-14T16:21:50Z</time>
        <hdop>5.3</hdop>
        <extensions>
          <osmand:provider>fused</osmand:provider>
          <osmand:speed>1</osmand:speed>
        </extensions>
      </trkpt>
      <trkpt lat="55.6754384" lon="12.5863746">
        <ele>42.7</ele>
        <time>2026-02-14T16:21:55Z</time>
        <hdop>5</hdop>
        <extensions>
          <osmand:provider>fused</osmand:provider>
          <osmand:speed>1.2</osmand:speed>
        </extensions>
      </trkpt>
      <trkpt lat="55.6754753" lon="12.5863161">
        <ele>42.3</ele>
        <time>2026-02-14T16:22:00Z</time>
        <hdop>4.3</hdop>
        <extensions>
          <osmand:provider>fused</osmand:provider>
          <osmand:speed>1.2</osmand:speed>
        </extensions>
      </trkpt>
      <trkpt lat="55.6754779" lon="12.5862801">
        <ele>42.7</ele>
        <time>2026-02-14T16:22:08Z</time>
        <hdop>5</hdop>
        <extensions>
          <osmand:provider>fused</osmand:provider>
          <osmand:speed>0.5</osmand:speed>
        </extensions>
      </trkpt>
      <trkpt lat="55.675499" lon="12.5862092">
        <ele>42.2</ele>
        <time>2026-02-14T16:22:13Z</time>
        <hdop>6.6</hdop>
        <extensions>
          <osmand:provider>fused</osmand:provider>
          <osmand:speed>1</osmand:speed>
        </extensions>
      </trkpt>
      <trkpt lat="55.6755066" lon="12.5861338">
        <ele>42.7</ele>
        <time>2026-02-14T16:22:18Z</time>
        <hdop>4.7</hdop>
        <extensions>
          <osmand:provider>fused</osmand:provider>
          <osmand:speed>1</osmand:speed>
        </extensions>
      </trkpt>
      <trkpt lat="55.6755175" lon="12.5860737">
        <ele>42.7</ele>
        <time>2026-02-14T16:22:23Z</time>
        <hdop>5.1</hdop>
        <extensions>
          <osmand:provider>fused</osmand:provider>
          <osmand:speed>0.8</osmand:speed>
        </extensions>
      </trkpt>
      <trkpt lat="55.6755247" lon="12.5859896">
        <ele>42.4</ele>
        <time>2026-02-14T16:22:29Z</time>
        <hdop>4.2</hdop>
        <extensions>
          <osmand:provider>fused</osmand:provider>
          <osmand:speed>1</osmand:speed>
        </extensions>
      </trkpt>
      <trkpt lat="55.6755457" lon="12.5859013">
        <ele>42.3</ele>
        <time>2026-02-14T16:22:34Z</time>
        <hdop>4</hdop>
        <extensions>
          <osmand:provider>fused</osmand:provider>
          <osmand:speed>1</osmand:speed>
        </extensions>
      </trkpt>
      <trkpt lat="55.6755602" lon="12.5858196">
        <ele>43</ele>
        <time>2026-02-14T16:22:40Z</time>
        <hdop>4.2</hdop>
        <extensions>
          <osmand:provider>fused</osmand:provider>
          <osmand:speed>1</osmand:speed>
        </extensions>
      </trkpt>
      <trkpt lat="55.6755768" lon="12.5857205">
        <ele>41.9</ele>
        <time>2026-02-14T16:22:45Z</time>
        <hdop>4.5</hdop>
        <extensions>
          <osmand:provider>fused</osmand:provider>
          <osmand:speed>1</osmand:speed>
        </extensions>
      </trkpt>
      <trkpt lat="55.675597" lon="12.5856307">
        <ele>41.9</ele>
        <time>2026-02-14T16:22:51Z</time>
        <hdop>4.4</hdop>
        <extensions>
          <osmand:provider>fused</osmand:provider>
          <osmand:speed>1</osmand:speed>
        </extensions>
      </trkpt>
      <trkpt lat="55.6756233" lon="12.5855516">
        <ele>41.7</ele>
        <time>2026-02-14T16:22:56Z</time>
        <hdop>4.2</hdop>
        <extensions>
          <osmand:provider>fused</osmand:provider>
          <osmand:speed>0.9</osmand:speed>
        </extensions>
      </trkpt>
      <trkpt lat="55.6756509" lon="12.5854479">
        <ele>41.5</ele>
        <time>2026-02-14T16:23:02Z</time>
        <hdop>4.1</hdop>
        <extensions>
          <osmand:provider>fused</osmand:provider>
          <osmand:speed>1.1</osmand:speed>
        </extensions>
      </trkpt>
      <trkpt lat="55.6756792" lon="12.5853463">
        <ele>43.3</ele>
        <time>2026-02-14T16:23:07Z</time>
        <hdop>3.9</hdop>
        <extensions>
          <osmand:provider>fused</osmand:provider>
          <osmand:speed>1.1</osmand:speed>
        </extensions>
      </trkpt>
      <trkpt lat="55.6756961" lon="12.5852643">
        <ele>43.3</ele>
        <time>2026-02-14T16:23:12Z</time>
        <hdop>4.2</hdop>
        <extensions>
          <osmand:provider>fused</osmand:provider>
          <osmand:speed>1</osmand:speed>
        </extensions>
      </trkpt>
      <trkpt lat="55.675709" lon="12.5852033">
        <ele>43.3</ele>
        <time>2026-02-14T16:23:18Z</time>
        <hdop>4.2</hdop>
        <extensions>
          <osmand:provider>fused</osmand:provider>
          <osmand:speed>1</osmand:speed>
        </extensions>
      </trkpt>
      <trkpt lat="55.6757326" lon="12.5851369">
        <ele>43.3</ele>
        <time>2026-02-14T16:23:23Z</time>
        <hdop>4.4</hdop>
        <extensions>
          <osmand:provider>fused</osmand:provider>
          <osmand:speed>1.1</osmand:speed>
        </extensions>
      </trkpt>
      <trkpt lat="55.6757693" lon="12.5850664">
        <ele>43.1</ele>
        <time>2026-02-14T16:23:28Z</time>
        <hdop>4.3</hdop>
        <extensions>
          <osmand:provider>fused</osmand:provider>
          <osmand:speed>1</osmand:speed>
        </extensions>
      </trkpt>
      <trkpt lat="55.6757848" lon="12.5850168">
        <ele>43.4</ele>
        <time>2026-02-14T16:23:33Z</time>
        <hdop>4.1</hdop>
        <extensions>
          <osmand:provider>fused</osmand:provider>
          <osmand:speed>1</osmand:speed>
        </extensions>
      </trkpt>
      <trkpt lat="55.6758047" lon="12.5849655">
        <ele>41.1</ele>
        <time>2026-02-14T16:23:39Z</time>
        <hdop>4.1</hdop>
        <extensions>
          <osmand:provider>fused</osmand:provider>
          <osmand:speed>0.8</osmand:speed>
        </extensions>
      </trkpt>
      <trkpt lat="55.6757797" lon="12.5849004">
        <ele>43.3</ele>
        <time>2026-02-14T16:24:02Z</time>
        <hdop>3.5</hdop>
        <extensions>
          <osmand:provider>fused</osmand:provider>
          <osmand:speed>0.3</osmand:speed>
        </extensions>
      </trkpt>
      <trkpt lat="55.6757876" lon="12.5848517">
        <ele>41.3</ele>
        <time>2026-02-14T16:24:07Z</time>
        <hdop>3.7</hdop>
        <extensions>
          <osmand:provider>fused</osmand:provider>
          <osmand:speed>1</osmand:speed>
        </extensions>
      </trkpt>
      <trkpt lat="55.6757984" lon="12.5847566">
        <ele>41.4</ele>
        <time>2026-02-14T16:24:13Z</time>
        <hdop>4.7</hdop>
        <extensions>
          <osmand:provider>fused</osmand:provider>
          <osmand:speed>0.9</osmand:speed>
        </extensions>
      </trkpt>
      <trkpt lat="55.6757888" lon="12.5846558">
        <ele>42.2</ele>
        <time>2026-02-14T16:24:18Z</time>
        <hdop>5.2</hdop>
        <extensions>
          <osmand:provider>fused</osmand:provider>
          <osmand:speed>1.1</osmand:speed>
        </extensions>
      </trkpt>
      <trkpt lat="55.6757953" lon="12.5845688">
        <ele>42.2</ele>
        <time>2026-02-14T16:24:24Z</time>
        <hdop>4.6</hdop>
        <extensions>
          <osmand:provider>fused</osmand:provider>
          <osmand:speed>1</osmand:speed>
        </extensions>
      </trkpt>
      <trkpt lat="55.6758428" lon="12.5845313">
        <ele>43.1</ele>
        <time>2026-02-14T16:24:29Z</time>
        <hdop>3.4</hdop>
        <extensions>
          <osmand:provider>fused</osmand:provider>
          <osmand:speed>0.9</osmand:speed>
        </extensions>
      </trkpt>
      <trkpt lat="55.6758874" lon="12.5845483">
        <ele>43.4</ele>
        <time>2026-02-14T16:24:34Z</time>
        <hdop>4.4</hdop>
        <extensions>
          <osmand:provider>fused</osmand:provider>
          <osmand:speed>1</osmand:speed>
        </extensions>
      </trkpt>
      <trkpt lat="55.6759494" lon="12.5845594">
        <ele>40.8</ele>
        <time>2026-02-14T16:24:40Z</time>
        <hdop>3.7</hdop>
        <extensions>
          <osmand:provider>fused</osmand:provider>
          <osmand:speed>1</osmand:speed>
        </extensions>
      </trkpt>
      <trkpt lat="55.6759847" lon="12.5845704">
        <ele>43.4</ele>
        <time>2026-02-14T16:24:45Z</time>
        <hdop>3.2</hdop>
        <extensions>
          <osmand:provider>fused</osmand:provider>
          <osmand:speed>0.9</osmand:speed>
        </extensions>
      </trkpt>
      <trkpt lat="55.6760219" lon="12.5845657">
        <ele>40.5</ele>
        <time>2026-02-14T16:24:51Z</time>
        <hdop>3.2</hdop>
        <extensions>
          <osmand:provider>fused</osmand:provider>
          <osmand:speed>0.8</osmand:speed>
        </extensions>
      </trkpt>
      <trkpt lat="55.6760634" lon="12.5845362">
        <ele>40.5</ele>
        <time>2026-02-14T16:24:56Z</time>
        <hdop>3.7</hdop>
        <extensions>
          <osmand:provider>fused</osmand:provider>
          <osmand:speed>0.8</osmand:speed>
        </extensions>
      </trkpt>
      <trkpt lat="55.6761026" lon="12.5845311">
        <ele>41</ele>
        <time>2026-02-14T16:25:01Z</time>
        <hdop>4.1</hdop>
        <extensions>
          <osmand:provider>fused</osmand:provider>
          <osmand:speed>0.9</osmand:speed>
        </extensions>
      </trkpt>
      <trkpt lat="55.6761447" lon="12.5845297">
        <ele>40.8</ele>
        <time>2026-02-14T16:25:06Z</time>
        <hdop>4.3</hdop>
        <extensions>
          <osmand:provider>fused</osmand:provider>
          <osmand:speed>1</osmand:speed>
        </extensions>
      </trkpt>
      <trkpt lat="55.6761992" lon="12.5845275">
        <ele>43.1</ele>
        <time>2026-02-14T16:25:11Z</time>
        <hdop>4</hdop>
        <extensions>
          <osmand:provider>fused</osmand:provider>
          <osmand:speed>1</osmand:speed>
        </extensions>
      </trkpt>
      <trkpt lat="55.6762205" lon="12.5845257">
        <ele>43.1</ele>
        <time>2026-02-14T16:25:16Z</time>
        <hdop>4.3</hdop>
        <extensions>
          <osmand:provider>fused</osmand:provider>
          <osmand:speed>0.8</osmand:speed>
        </extensions>
      </trkpt>
      <trkpt lat="55.6762804" lon="12.5845096">
        <ele>42.5</ele>
        <time>2026-02-14T16:25:22Z</time>
        <hdop>6.7</hdop>
        <extensions>
          <osmand:provider>fused</osmand:provider>
          <osmand:speed>1</osmand:speed>
        </extensions>
      </trkpt>
      <trkpt lat="55.6763307" lon="12.5845056">
        <ele>43.1</ele>
        <time>2026-02-14T16:25:27Z</time>
        <hdop>4.5</hdop>
        <extensions>
          <osmand:provider>fused</osmand:provider>
          <osmand:speed>1.1</osmand:speed>
        </extensions>
      </trkpt>
      <trkpt lat="55.67638" lon="12.5844948">
        <ele>40.5</ele>
        <time>2026-02-14T16:25:32Z</time>
        <hdop>4.3</hdop>
        <extensions>
          <osmand:provider>fused</osmand:provider>
          <osmand:speed>1.1</osmand:speed>
        </extensions>
      </trkpt>
      <trkpt lat="55.6764194" lon="12.5844913">
        <ele>43.3</ele>
        <time>2026-02-14T16:25:37Z</time>
        <hdop>3.4</hdop>
        <extensions>
          <osmand:provider>fused</osmand:provider>
          <osmand:speed>1</osmand:speed>
        </extensions>
      </trkpt>
      <trkpt lat="55.6764703" lon="12.5844835">
        <ele>43.3</ele>
        <time>2026-02-14T16:25:42Z</time>
        <hdop>3.2</hdop>
        <extensions>
          <osmand:provider>fused</osmand:provider>
          <osmand:speed>1</osmand:speed>
        </extensions>
      </trkpt>
      <trkpt lat="55.6765327" lon="12.5844892">
        <ele>42.7</ele>
        <time>2026-02-14T16:25:48Z</time>
        <hdop>3.8</hdop>
        <extensions>
          <osmand:provider>fused</osmand:provider>
          <osmand:speed>1.1</osmand:speed>
        </extensions>
      </trkpt>
      <trkpt lat="55.6765798" lon="12.584483">
        <ele>42.7</ele>
        <time>2026-02-14T16:25:53Z</time>
        <hdop>3.5</hdop>
        <extensions>
          <osmand:provider>fused</osmand:provider>
          <osmand:speed>1</osmand:speed>
        </extensions>
      </trkpt>
      <trkpt lat="55.6766322" lon="12.5844746">
        <ele>37.4</ele>
        <time>2026-02-14T16:25:59Z</time>
        <hdop>3.9</hdop>
        <extensions>
          <osmand:provider>fused</osmand:provider>
          <osmand:speed>1</osmand:speed>
        </extensions>
      </trkpt>
      <trkpt lat="55.6766867" lon="12.5844625">
        <ele>40.5</ele>
        <time>2026-02-14T16:26:05Z</time>
        <hdop>3.1</hdop>
        <extensions>
          <osmand:provider>fused</osmand:provider>
          <osmand:speed>1</osmand:speed>
        </extensions>
      </trkpt>
      <trkpt lat="55.6767373" lon="12.5844654">
        <ele>40.9</ele>
        <time>2026-02-14T16:26:10Z</time>
        <hdop>3</hdop>
        <extensions>
          <osmand:provider>fused</osmand:provider>
          <osmand:speed>0.9</osmand:speed>
        </extensions>
      </trkpt>
      <trkpt lat="55.6767966" lon="12.5844494">
        <ele>40.9</ele>
        <time>2026-02-14T16:26:16Z</time>
        <hdop>3.5</hdop>
        <extensions>
          <osmand:provider>fused</osmand:provider>
          <osmand:speed>1</osmand:speed>
        </extensions>
      </trkpt>
      <trkpt lat="55.6768527" lon="12.5844518">
        <ele>40.5</ele>
        <time>2026-02-14T16:26:21Z</time>
        <hdop>3.7</hdop>
        <extensions>
          <osmand:provider>fused</osmand:provider>
          <osmand:speed>1</osmand:speed>
        </extensions>
      </trkpt>
      <trkpt lat="55.6769045" lon="12.5844427">
        <ele>40.5</ele>
        <time>2026-02-14T16:26:26Z</time>
        <hdop>3.2</hdop>
        <extensions>
          <osmand:provider>fused</osmand:provider>
          <osmand:speed>1</osmand:speed>
        </extensions>
      </trkpt>
      <trkpt lat="55.6769616" lon="12.5844178">
        <ele>38.7</ele>
        <time>2026-02-14T16:26:32Z</time>
        <hdop>3.9</hdop>
        <extensions>
          <osmand:provider>fused</osmand:provider>
          <osmand:speed>1</osmand:speed>
        </extensions>
      </trkpt>
      <trkpt lat="55.6770321" lon="12.5843979">
        <ele>40.5</ele>
        <time>2026-02-14T16:26:38Z</time>
        <hdop>3.1</hdop>
        <extensions>
          <osmand:provider>fused</osmand:provider>
          <osmand:speed>1.1</osmand:speed>
        </extensions>
      </trkpt>
      <trkpt lat="55.677083" lon="12.584387">
        <ele>41</ele>
        <time>2026-02-14T16:26:44Z</time>
        <hdop>3.6</hdop>
        <extensions>
          <osmand:provider>fused</osmand:provider>
          <osmand:speed>0.6</osmand:speed>
        </extensions>
      </trkpt>
      <trkpt lat="55.677112" lon="12.5843802">
        <ele>41</ele>
        <time>2026-02-14T16:27:00Z</time>
        <hdop>4.6</hdop>
        <extensions>
          <osmand:provider>fused</osmand:provider>
          <osmand:speed>0.8</osmand:speed>
        </extensions>
      </trkpt>
      <trkpt lat="55.6771785" lon="12.5843588">
        <ele>40.5</ele>
        <time>2026-02-14T16:27:05Z</time>
        <hdop>3.5</hdop>
        <extensions>
          <osmand:provider>fused</osmand:provider>
          <osmand:speed>0.9</osmand:speed>
        </extensions>
      </trkpt>
      <trkpt lat="55.6772338" lon="12.5843506">
        <ele>41.5</ele>
        <time>2026-02-14T16:27:10Z</time>
        <hdop>3.6</hdop>
        <extensions>
          <osmand:provider>fused</osmand:provider>
          <osmand:speed>0.9</osmand:speed>
        </extensions>
      </trkpt>
      <trkpt lat="55.6772275" lon="12.5843125">
        <ele>41.2</ele>
        <time>2026-02-14T16:27:21Z</time>
        <hdop>3</hdop>
        <extensions>
          <osmand:provider>fused</osmand:provider>
          <osmand:speed>0.3</osmand:speed>
        </extensions>
      </trkpt>
      <trkpt lat="55.6772697" lon="12.5843483">
        <ele>42.9</ele>
        <time>2026-02-14T16:27:26Z</time>
        <hdop>3.2</hdop>
        <extensions>
          <osmand:provider>fused</osmand:provider>
          <osmand:speed>1</osmand:speed>
        </extensions>
      </trkpt>
      <trkpt lat="55.6773157" lon="12.5843603">
        <ele>41</ele>
        <time>2026-02-14T16:27:32Z</time>
        <hdop>4.1</hdop>
        <extensions>
          <osmand:provider>fused</osmand:provider>
          <osmand:speed>0.9</osmand:speed>
        </extensions>
      </trkpt>
      <trkpt lat="55.6773377" lon="12.5843747">
        <ele>41</ele>
        <time>2026-02-14T16:27:37Z</time>
        <hdop>4.5</hdop>
        <extensions>
          <osmand:provider>fused</osmand:provider>
          <osmand:speed>0.7</osmand:speed>
        </extensions>
      </trkpt>
      <trkpt lat="55.6773705" lon="12.5843516">
        <ele>41</ele>
        <time>2026-02-14T16:27:42Z</time>
        <hdop>4.7</hdop>
        <extensions>
          <osmand:provider>fused</osmand:provider>
          <osmand:speed>1</osmand:speed>
        </extensions>
      </trkpt>
      <trkpt lat="55.6774169" lon="12.5842369">
        <ele>41</ele>
        <time>2026-02-14T16:27:47Z</time>
        <hdop>5.3</hdop>
        <extensions>
          <osmand:provider>fused</osmand:provider>
          <osmand:speed>1</osmand:speed>
        </extensions>
      </trkpt>
      <trkpt lat="55.6774531" lon="12.5841511">
        <ele>41</ele>
        <time>2026-02-14T16:27:52Z</time>
        <hdop>4.6</hdop>
        <extensions>
          <osmand:provider>fused</osmand:provider>
          <osmand:speed>0.9</osmand:speed>
        </extensions>
      </trkpt>
      <trkpt lat="55.6774961" lon="12.5840626">
        <ele>41</ele>
        <time>2026-02-14T16:27:58Z</time>
        <hdop>5.3</hdop>
        <extensions>
          <osmand:provider>fused</osmand:provider>
          <osmand:speed>1.2</osmand:speed>
        </extensions>
      </trkpt>
      <trkpt lat="55.6775366" lon="12.584013">
        <ele>41.1</ele>
        <time>2026-02-14T16:28:03Z</time>
        <hdop>5.8</hdop>
        <extensions>
          <osmand:provider>fused</osmand:provider>
          <osmand:speed>1.1</osmand:speed>
        </extensions>
      </trkpt>
      <trkpt lat="55.6775793" lon="12.5839577">
        <ele>41.1</ele>
        <time>2026-02-14T16:28:09Z</time>
        <hdop>5.3</hdop>
        <extensions>
          <osmand:provider>fused</osmand:provider>
          <osmand:speed>1.1</osmand:speed>
        </extensions>
      </trkpt>
      <trkpt lat="55.6776117" lon="12.5839152">
        <ele>41.1</ele>
        <time>2026-02-14T16:28:14Z</time>
        <hdop>5</hdop>
        <extensions>
          <osmand:provider>fused</osmand:provider>
          <osmand:speed>1</osmand:speed>
        </extensions>
      </trkpt>
      <trkpt lat="55.6776496" lon="12.5838657">
        <ele>41</ele>
        <time>2026-02-14T16:28:20Z</time>
        <hdop>5.3</hdop>
        <extensions>
          <osmand:provider>fused</osmand:provider>
          <osmand:speed>1</osmand:speed>
        </extensions>
      </trkpt>
      <trkpt lat="55.6777075" lon="12.5837955">
        <ele>41.1</ele>
        <time>2026-02-14T16:28:26Z</time>
        <hdop>5.8</hdop>
        <extensions>
          <osmand:provider>fused</osmand:provider>
          <osmand:speed>1.1</osmand:speed>
        </extensions>
      </trkpt>
      <trkpt lat="55.6777567" lon="12.5837387">
        <ele>41.2</ele>
        <time>2026-02-14T16:28:31Z</time>
        <hdop>6.1</hdop>
        <extensions>
          <osmand:provider>fused</osmand:provider>
          <osmand:speed>1.2</osmand:speed>
        </extensions>
      </trkpt>
      <trkpt lat="55.6777846" lon="12.5836781">
        <ele>41.2</ele>
        <time>2026-02-14T16:28:36Z</time>
        <hdop>5</hdop>
        <extensions>
          <osmand:provider>fused</osmand:provider>
          <osmand:speed>1.2</osmand:speed>
        </extensions>
      </trkpt>
      <trkpt lat="55.6778377" lon="12.5836319">
        <ele>41</ele>
        <time>2026-02-14T16:28:42Z</time>
        <hdop>5</hdop>
        <extensions>
          <osmand:provider>fused</osmand:provider>
          <osmand:speed>1.1</osmand:speed>
        </extensions>
      </trkpt>
      <trkpt lat="55.6778883" lon="12.5835925">
        <ele>41.2</ele>
        <time>2026-02-14T16:28:47Z</time>
        <hdop>5.4</hdop>
        <extensions>
          <osmand:provider>fused</osmand:provider>
          <osmand:speed>1.1</osmand:speed>
        </extensions>
      </trkpt>
      <trkpt lat="55.6779423" lon="12.5835535">
        <ele>41.2</ele>
        <time>2026-02-14T16:28:52Z</time>
        <hdop>5.4</hdop>
        <extensions>
          <osmand:provider>fused</osmand:provider>
          <osmand:speed>1.1</osmand:speed>
        </extensions>
      </trkpt>
      <trkpt lat="55.6779884" lon="12.5835168">
        <ele>41.2</ele>
        <time>2026-02-14T16:28:57Z</time>
        <hdop>4.7</hdop>
        <extensions>
          <osmand:provider>fused</osmand:provider>
          <osmand:speed>1.2</osmand:speed>
        </extensions>
      </trkpt>
      <trkpt lat="55.6780526" lon="12.5834681">
        <ele>41.2</ele>
        <time>2026-02-14T16:29:03Z</time>
        <hdop>4.7</hdop>
        <extensions>
          <osmand:provider>fused</osmand:provider>
          <osmand:speed>1.2</osmand:speed>
        </extensions>
      </trkpt>
      <trkpt lat="55.6780964" lon="12.5834539">
        <ele>41.2</ele>
        <time>2026-02-14T16:29:08Z</time>
        <hdop>5</hdop>
        <extensions>
          <osmand:provider>fused</osmand:provider>
          <osmand:speed>1</osmand:speed>
        </extensions>
      </trkpt>
      <trkpt lat="55.6780897" lon="12.5834859">
        <ele>41.2</ele>
        <time>2026-02-14T16:29:13Z</time>
        <hdop>4.6</hdop>
        <extensions>
          <osmand:provider>fused</osmand:provider>
          <osmand:speed>0.7</osmand:speed>
        </extensions>
      </trkpt>
      <trkpt lat="55.6781074" lon="12.5835153">
        <ele>41.2</ele>
        <time>2026-02-14T16:29:35Z</time>
        <hdop>5.4</hdop>
        <extensions>
          <osmand:provider>fused</osmand:provider>
          <osmand:speed>0.3</osmand:speed>
        </extensions>
      </trkpt>
      <trkpt lat="55.6781446" lon="12.5835005">
        <ele>41.2</ele>
        <time>2026-02-14T16:29:40Z</time>
        <hdop>5.4</hdop>
        <extensions>
          <osmand:provider>fused</osmand:provider>
          <osmand:speed>0.7</osmand:speed>
        </extensions>
      </trkpt>
      <trkpt lat="55.6781922" lon="12.5834475">
        <ele>41.2</ele>
        <time>2026-02-14T16:29:45Z</time>
        <hdop>6.1</hdop>
        <extensions>
          <osmand:provider>fused</osmand:provider>
          <osmand:speed>1.1</osmand:speed>
        </extensions>
      </trkpt>
      <trkpt lat="55.6782596" lon="12.5834">
        <ele>41.5</ele>
        <time>2026-02-14T16:29:50Z</time>
        <hdop>7.5</hdop>
        <extensions>
          <osmand:provider>fused</osmand:provider>
          <osmand:speed>1</osmand:speed>
        </extensions>
      </trkpt>
      <trkpt lat="55.6783031" lon="12.5833425">
        <ele>41.5</ele>
        <time>2026-02-14T16:29:55Z</time>
        <hdop>7.5</hdop>
        <extensions>
          <osmand:provider>fused</osmand:provider>
          <osmand:speed>1</osmand:speed>
        </extensions>
      </trkpt>
      <trkpt lat="55.6783458" lon="12.5832896">
        <ele>41.5</ele>
        <time>2026-02-14T16:30:01Z</time>
        <hdop>7.5</hdop>
        <extensions>
          <osmand:provider>fused</osmand:provider>
          <osmand:speed>1</osmand:speed>
        </extensions>
      </trkpt>
      <trkpt lat="55.6783996" lon="12.583244">
        <ele>41.5</ele>
        <time>2026-02-14T16:30:07Z</time>
        <hdop>6.9</hdop>
        <extensions>
          <osmand:provider>fused</osmand:provider>
          <osmand:speed>0.7</osmand:speed>
        </extensions>
      </trkpt>
      <trkpt lat="55.6784208" lon="12.5832355">
        <ele>41.7</ele>
        <time>2026-02-14T16:30:15Z</time>
        <hdop>5.9</hdop>
        <extensions>
          <osmand:provider>fused</osmand:provider>
          <osmand:speed>0.7</osmand:speed>
        </extensions>
      </trkpt>
      <trkpt lat="55.6784697" lon="12.5832001">
        <ele>41.7</ele>
        <time>2026-02-14T16:30:20Z</time>
        <hdop>5.3</hdop>
        <extensions>
          <osmand:provider>fused</osmand:provider>
          <osmand:speed>1</osmand:speed>
        </extensions>
      </trkpt>
      <trkpt lat="55.6785201" lon="12.583184">
        <ele>41.6</ele>
        <time>2026-02-14T16:30:25Z</time>
        <hdop>4.7</hdop>
        <extensions>
          <osmand:provider>fused</osmand:provider>
          <osmand:speed>0.9</osmand:speed>
        </extensions>
      </trkpt>
      <trkpt lat="55.6785584" lon="12.5831753">
        <ele>41.6</ele>
        <time>2026-02-14T16:30:31Z</time>
        <hdop>4.1</hdop>
        <extensions>
          <osmand:provider>fused</osmand:provider>
          <osmand:speed>1</osmand:speed>
        </extensions>
      </trkpt>
      <trkpt lat="55.6785865" lon="12.5831217">
        <ele>41.6</ele>
        <time>2026-02-14T16:30:36Z</time>
        <hdop>5.1</hdop>
        <extensions>
          <osmand:provider>fused</osmand:provider>
          <osmand:speed>1</osmand:speed>
        </extensions>
      </trkpt>
      <trkpt lat="55.678621" lon="12.5830698">
        <ele>41.7</ele>
        <time>2026-02-14T16:30:41Z</time>
        <hdop>6.3</hdop>
        <extensions>
          <osmand:provider>fused</osmand:provider>
          <osmand:speed>0.8</osmand:speed>
        </extensions>
      </trkpt>
      <trkpt lat="55.6786538" lon="12.5831923">
        <ele>41.6</ele>
        <time>2026-02-14T16:31:19Z</time>
        <hdop>10.2</hdop>
        <extensions>
          <osmand:provider>fused</osmand:provider>
          <osmand:speed>0.4</osmand:speed>
        </extensions>
      </trkpt>
      <trkpt lat="55.6785525" lon="12.5832159">
        <ele>41.6</ele>
        <time>2026-02-14T16:31:25Z</time>
        <hdop>12.2</hdop>
        <extensions>
          <osmand:provider>fused</osmand:provider>
          <osmand:speed>1.1</osmand:speed>
        </extensions>
      </trkpt>
      <trkpt lat="55.6785656" lon="12.5833083">
        <ele>41.5</ele>
        <time>2026-02-14T16:31:31Z</time>
        <hdop>4.4</hdop>
        <extensions>
          <osmand:provider>fused</osmand:provider>
          <osmand:speed>0.8</osmand:speed>
        </extensions>
      </trkpt>
      <trkpt lat="55.6785953" lon="12.5833351">
        <ele>41.6</ele>
        <time>2026-02-14T16:31:36Z</time>
        <hdop>5</hdop>
        <extensions>
          <osmand:provider>fused</osmand:provider>
          <osmand:speed>0.9</osmand:speed>
        </extensions>
      </trkpt>
      <trkpt lat="55.6786833" lon="12.5832674">
        <ele>41.6</ele>
        <time>2026-02-14T16:31:42Z</time>
        <hdop>6.5</hdop>
        <extensions>
          <osmand:provider>fused</osmand:provider>
          <osmand:speed>1.2</osmand:speed>
        </extensions>
      </trkpt>
      <trkpt lat="55.6787499" lon="12.5831607">
        <ele>41.7</ele>
        <time>2026-02-14T16:31:47Z</time>
        <hdop>4.8</hdop>
        <extensions>
          <osmand:provider>fused</osmand:provider>
          <osmand:speed>1.1</osmand:speed>
        </extensions>
      </trkpt>
      <trkpt lat="55.6787967" lon="12.5831089">
        <ele>41.6</ele>
        <time>2026-02-14T16:31:52Z</time>
        <hdop>4.4</hdop>
        <extensions>
          <osmand:provider>fused</osmand:provider>
          <osmand:speed>1</osmand:speed>
        </extensions>
      </trkpt>
      <trkpt lat="55.6788371" lon="12.5830879">
        <ele>41.6</ele>
        <time>2026-02-14T16:31:57Z</time>
        <hdop>5.1</hdop>
        <extensions>
          <osmand:provider>fused</osmand:provider>
          <osmand:speed>0.6</osmand:speed>
        </extensions>
      </trkpt>
      <trkpt lat="55.6788824" lon="12.5830517">
        <ele>42</ele>
        <time>2026-02-14T16:32:03Z</time>
        <hdop>5.3</hdop>
        <extensions>
          <osmand:provider>fused</osmand:provider>
          <osmand:speed>0.8</osmand:speed>
        </extensions>
      </trkpt>
      <trkpt lat="55.6789191" lon="12.5830302">
        <ele>42</ele>
        <time>2026-02-14T16:32:08Z</time>
        <hdop>5.4</hdop>
        <extensions>
          <osmand:provider>fused</osmand:provider>
          <osmand:speed>0.7</osmand:speed>
        </extensions>
      </trkpt>
      <trkpt lat="55.6789629" lon="12.5830067">
        <ele>42</ele>
        <time>2026-02-14T16:32:13Z</time>
        <hdop>4.9</hdop>
        <extensions>
          <osmand:provider>fused</osmand:provider>
          <osmand:speed>0.8</osmand:speed>
        </extensions>
      </trkpt>
      <trkpt lat="55.67902" lon="12.582969">
        <ele>42</ele>
        <time>2026-02-14T16:32:18Z</time>
        <hdop>5</hdop>
        <extensions>
          <osmand:provider>fused</osmand:provider>
          <osmand:speed>1.1</osmand:speed>
        </extensions>
      </trkpt>
      <trkpt lat="55.6790385" lon="12.5829488">
        <ele>42</ele>
        <time>2026-02-14T16:32:36Z</time>
        <hdop>5.7</hdop>
        <extensions>
          <osmand:provider>fused</osmand:provider>
          <osmand:speed>0.6</osmand:speed>
        </extensions>
      </trkpt>
      <trkpt lat="55.6790927" lon="12.5829131">
        <ele>42.1</ele>
        <time>2026-02-14T16:32:42Z</time>
        <hdop>5.4</hdop>
        <extensions>
          <osmand:provider>fused</osmand:provider>
          <osmand:speed>0.7</osmand:speed>
        </extensions>
      </trkpt>
      <trkpt lat="55.6791466" lon="12.582876">
        <ele>42.1</ele>
        <time>2026-02-14T16:32:47Z</time>
        <hdop>5.4</hdop>
        <extensions>
          <osmand:provider>fused</osmand:provider>
          <osmand:speed>0.7</osmand:speed>
        </extensions>
      </trkpt>
      <trkpt lat="55.6791918" lon="12.5828559">
        <ele>42.1</ele>
        <time>2026-02-14T16:32:53Z</time>
        <hdop>5.4</hdop>
        <extensions>
          <osmand:provider>fused</osmand:provider>
          <osmand:speed>0.6</osmand:speed>
        </extensions>
      </trkpt>
      <trkpt lat="55.6792277" lon="12.5828359">
        <ele>42.1</ele>
        <time>2026-02-14T16:32:58Z</time>
        <hdop>5.1</hdop>
        <extensions>
          <osmand:provider>fused</osmand:provider>
          <osmand:speed>0.7</osmand:speed>
        </extensions>
      </trkpt>
      <trkpt lat="55.679244" lon="12.5828535">
        <ele>42.1</ele>
        <time>2026-02-14T16:33:03Z</time>
        <hdop>4.3</hdop>
        <extensions>
          <osmand:provider>fused</osmand:provider>
          <osmand:speed>0.4</osmand:speed>
        </extensions>
      </trkpt>
      <trkpt lat="55.6792813" lon="12.5829234">
        <ele>42</ele>
        <time>2026-02-14T16:33:09Z</time>
        <hdop>4.7</hdop>
        <extensions>
          <osmand:provider>fused</osmand:provider>
          <osmand:speed>1</osmand:speed>
        </extensions>
      </trkpt>
      <trkpt lat="55.6793101" lon="12.5830039">
        <ele>42</ele>
        <time>2026-02-14T16:33:14Z</time>
        <hdop>5.1</hdop>
        <extensions>
          <osmand:provider>fused</osmand:provider>
          <osmand:speed>0.9</osmand:speed>
        </extensions>
      </trkpt>
      <trkpt lat="55.6793419" lon="12.5830967">
        <ele>42</ele>
        <time>2026-02-14T16:33:19Z</time>
        <hdop>5.1</hdop>
        <extensions>
          <osmand:provider>fused</osmand:provider>
          <osmand:speed>1</osmand:speed>
        </extensions>
      </trkpt>
      <trkpt lat="55.6793601" lon="12.5831571">
        <ele>42.1</ele>
        <time>2026-02-14T16:33:24Z</time>
        <hdop>5.1</hdop>
        <extensions>
          <osmand:provider>fused</osmand:provider>
          <osmand:speed>0.7</osmand:speed>
        </extensions>
      </trkpt>
      <trkpt lat="55.6793828" lon="12.5832313">
        <ele>42.1</ele>
        <time>2026-02-14T16:33:30Z</time>
        <hdop>5</hdop>
        <extensions>
          <osmand:provider>fused</osmand:provider>
          <osmand:speed>1.1</osmand:speed>
        </extensions>
      </trkpt>
      <trkpt lat="55.6793903" lon="12.5832729">
        <ele>47.1</ele>
        <time>2026-02-14T16:33:35Z</time>
        <hdop>5.3</hdop>
        <extensions>
          <osmand:provider>fused</osmand:provider>
          <osmand:speed>0.9</osmand:speed>
        </extensions>
      </trkpt>
      <trkpt lat="55.6793826" lon="12.5833964">
        <ele>41.9</ele>
        <time>2026-02-14T16:33:41Z</time>
        <hdop>6</hdop>
        <extensions>
          <osmand:provider>fused</osmand:provider>
          <osmand:speed>1.2</osmand:speed>
        </extensions>
      </trkpt>
      <trkpt lat="55.6794165" lon="12.5835199">
        <ele>41.9</ele>
        <time>2026-02-14T16:33:46Z</time>
        <hdop>5.6</hdop>
        <extensions>
          <osmand:provider>fused</osmand:provider>
          <osmand:speed>1.2</osmand:speed>
        </extensions>
      </trkpt>
      <trkpt lat="55.6794516" lon="12.5836106">
        <ele>41.9</ele>
        <time>2026-02-14T16:33:52Z</time>
        <hdop>4.3</hdop>
        <extensions>
          <osmand:provider>fused</osmand:provider>
          <osmand:speed>1.1</osmand:speed>
        </extensions>
      </trkpt>
      <trkpt lat="55.6794768" lon="12.5837061">
        <ele>41.9</ele>
        <time>2026-02-14T16:33:57Z</time>
        <hdop>4.1</hdop>
        <extensions>
          <osmand:provider>fused</osmand:provider>
          <osmand:speed>1.1</osmand:speed>
        </extensions>
      </trkpt>
      <trkpt lat="55.6794902" lon="12.5837807">
        <ele>41.9</ele>
        <time>2026-02-14T16:34:02Z</time>
        <hdop>4.8</hdop>
        <extensions>
          <osmand:provider>fused</osmand:provider>
          <osmand:speed>1.1</osmand:speed>
        </extensions>
      </trkpt>
      <trkpt lat="55.6795111" lon="12.5838612">
        <ele>41.9</ele>
        <time>2026-02-14T16:34:07Z</time>
        <hdop>5.6</hdop>
        <extensions>
          <osmand:provider>fused</osmand:provider>
          <osmand:speed>1.2</osmand:speed>
        </extensions>
      </trkpt>
      <trkpt lat="55.6795495" lon="12.5839815">
        <ele>41.9</ele>
        <time>2026-02-14T16:34:12Z</time>
        <hdop>5.3</hdop>
        <extensions>
          <osmand:provider>fused</osmand:provider>
          <osmand:speed>1.1</osmand:speed>
        </extensions>
      </trkpt>
      <trkpt lat="55.6795905" lon="12.5840577">
        <ele>41.8</ele>
        <time>2026-02-14T16:34:17Z</time>
        <hdop>5.2</hdop>
        <extensions>
          <osmand:provider>fused</osmand:provider>
          <osmand:speed>1.2</osmand:speed>
        </extensions>
      </trkpt>
      <trkpt lat="55.679623" lon="12.5841352">
        <ele>41.8</ele>
        <time>2026-02-14T16:34:22Z</time>
        <hdop>4.8</hdop>
        <extensions>
          <osmand:provider>fused</osmand:provider>
          <osmand:speed>1.1</osmand:speed>
        </extensions>
      </trkpt>
      <trkpt lat="55.6796373" lon="12.5841711">
        <ele>41.9</ele>
        <time>2026-02-14T16:34:30Z</time>
        <hdop>4</hdop>
        <extensions>
          <osmand:provider>fused</osmand:provider>
          <osmand:speed>1.1</osmand:speed>
        </extensions>
      </trkpt>
      <trkpt lat="55.6796492" lon="12.5842182">
        <ele>42.1</ele>
        <time>2026-02-14T16:34:35Z</time>
        <hdop>3.7</hdop>
        <extensions>
          <osmand:provider>fused</osmand:provider>
          <osmand:speed>1</osmand:speed>
        </extensions>
      </trkpt>
      <trkpt lat="55.6796634" lon="12.5842967">
        <ele>41.7</ele>
        <time>2026-02-14T16:34:41Z</time>
        <hdop>3.7</hdop>
        <extensions>
          <osmand:provider>fused</osmand:provider>
          <osmand:speed>1.1</osmand:speed>
        </extensions>
      </trkpt>
      <trkpt lat="55.6796718" lon="12.5843508">
        <ele>41.7</ele>
        <time>2026-02-14T16:34:46Z</time>
        <hdop>3.6</hdop>
        <extensions>
          <osmand:provider>fused</osmand:provider>
          <osmand:speed>1</osmand:speed>
        </extensions>
      </trkpt>
      <trkpt lat="55.6796886" lon="12.5844393">
        <ele>41.8</ele>
        <time>2026-02-14T16:34:51Z</time>
        <hdop>3.5</hdop>
        <extensions>
          <osmand:provider>fused</osmand:provider>
          <osmand:speed>1.1</osmand:speed>
        </extensions>
      </trkpt>
      <trkpt lat="55.6797044" lon="12.5845205">
        <ele>41.7</ele>
        <time>2026-02-14T16:34:56Z</time>
        <hdop>3.6</hdop>
        <extensions>
          <osmand:provider>fused</osmand:provider>
          <osmand:speed>0.9</osmand:speed>
        </extensions>
      </trkpt>
      <trkpt lat="55.6797199" lon="12.5845893">
        <ele>41.8</ele>
        <time>2026-02-14T16:35:02Z</time>
        <hdop>4</hdop>
        <extensions>
          <osmand:provider>fused</osmand:provider>
          <osmand:speed>1</osmand:speed>
        </extensions>
      </trkpt>
      <trkpt lat="55.6797418" lon="12.5846041">
        <ele>41.8</ele>
        <time>2026-02-14T16:35:07Z</time>
        <hdop>3.3</hdop>
        <extensions>
          <osmand:provider>fused</osmand:provider>
          <osmand:speed>1</osmand:speed>
        </extensions>
      </trkpt>
      <trkpt lat="55.6797912" lon="12.5846586">
        <ele>41.8</ele>
        <time>2026-02-14T16:35:12Z</time>
        <hdop>3</hdop>
        <extensions>
          <osmand:provider>fused</osmand:provider>
          <osmand:speed>1.1</osmand:speed>
        </extensions>
      </trkpt>
      <trkpt lat="55.6798546" lon="12.5847053">
        <ele>41.8</ele>
        <time>2026-02-14T16:35:17Z</time>
        <hdop>3.3</hdop>
        <extensions>
          <osmand:provider>fused</osmand:provider>
          <osmand:speed>1.1</osmand:speed>
        </extensions>
      </trkpt>
      <trkpt lat="55.6799255" lon="12.5847573">
        <ele>41.9</ele>
        <time>2026-02-14T16:35:23Z</time>
        <hdop>4.5</hdop>
        <extensions>
          <osmand:provider>fused</osmand:provider>
          <osmand:speed>1.2</osmand:speed>
        </extensions>
      </trkpt>
      <trkpt lat="55.6799933" lon="12.5847622">
        <ele>41.9</ele>
        <time>2026-02-14T16:35:28Z</time>
        <hdop>4.9</hdop>
        <extensions>
          <osmand:provider>fused</osmand:provider>
          <osmand:speed>1.2</osmand:speed>
        </extensions>
      </trkpt>
      <trkpt lat="55.6800575" lon="12.5847277">
        <ele>41.9</ele>
        <time>2026-02-14T16:35:34Z</time>
        <hdop>5.1</hdop>
        <extensions>
          <osmand:provider>fused</osmand:provider>
          <osmand:speed>1.1</osmand:speed>
        </extensions>
      </trkpt>
      <trkpt lat="55.6801212" lon="12.5847048">
        <ele>41.9</ele>
        <time>2026-02-14T16:35:39Z</time>
        <hdop>4.8</hdop>
        <extensions>
          <osmand:provider>fused</osmand:provider>
          <osmand:speed>1.2</osmand:speed>
        </extensions>
      </trkpt>
      <trkpt lat="55.6801885" lon="12.5846838">
        <ele>41.9</ele>
        <time>2026-02-14T16:35:44Z</time>
        <hdop>4</hdop>
        <extensions>
          <osmand:provider>fused</osmand:provider>
          <osmand:speed>1.1</osmand:speed>
        </extensions>
      </trkpt>
      <trkpt lat="55.6802268" lon="12.5847785">
        <ele>41.9</ele>
        <time>2026-02-14T16:35:50Z</time>
        <hdop>4.8</hdop>
        <extensions>
          <osmand:provider>fused</osmand:provider>
          <osmand:speed>1</osmand:speed>
        </extensions>
      </trkpt>
      <trkpt lat="55.6801045" lon="12.5848648">
        <ele>41.9</ele>
        <time>2026-02-14T16:35:55Z</time>
        <hdop>4.1</hdop>
        <extensions>
          <osmand:provider>fused</osmand:provider>
          <osmand:speed>1.3</osmand:speed>
        </extensions>
      </trkpt>
      <trkpt lat="55.6800431" lon="12.5848859">
        <ele>41.9</ele>
        <time>2026-02-14T16:36:00Z</time>
        <hdop>3</hdop>
        <extensions>
          <osmand:provider>fused</osmand:provider>
          <osmand:speed>1.1</osmand:speed>
        </extensions>
      </trkpt>
      <trkpt lat="55.6800141" lon="12.5848942">
        <ele>41.9</ele>
        <time>2026-02-14T16:36:06Z</time>
        <hdop>4.4</hdop>
        <extensions>
          <osmand:provider>fused</osmand:provider>
          <osmand:speed>1</osmand:speed>
        </extensions>
      </trkpt>
      <trkpt lat="55.679954" lon="12.584879">
        <ele>41.8</ele>
        <time>2026-02-14T16:36:11Z</time>
        <hdop>8.2</hdop>
        <extensions>
          <osmand:provider>fused</osmand:provider>
          <osmand:speed>0.9</osmand:speed>
        </extensions>
      </trkpt>
      <trkpt lat="55.6798988" lon="12.5848872">
        <ele>41.8</ele>
        <time>2026-02-14T16:36:16Z</time>
        <hdop>6.7</hdop>
        <extensions>
          <osmand:provider>fused</osmand:provider>
          <osmand:speed>1.1</osmand:speed>
        </extensions>
      </trkpt>
      <trkpt lat="55.6798557" lon="12.5849097">
        <ele>41.8</ele>
        <time>2026-02-14T16:36:22Z</time>
        <hdop>4.1</hdop>
        <extensions>
          <osmand:provider>fused</osmand:provider>
          <osmand:speed>1</osmand:speed>
        </extensions>
      </trkpt>
      <trkpt lat="55.6798057" lon="12.5849197">
        <ele>41.8</ele>
        <time>2026-02-14T16:36:27Z</time>
        <hdop>4.1</hdop>
        <extensions>
          <osmand:provider>fused</osmand:provider>
          <osmand:speed>1</osmand:speed>
        </extensions>
      </trkpt>
      <trkpt lat="55.6797682" lon="12.5849279">
        <ele>37.9</ele>
        <time>2026-02-14T16:36:33Z</time>
        <hdop>3.9</hdop>
        <extensions>
          <osmand:provider>fused</osmand:provider>
          <osmand:speed>1</osmand:speed>
        </extensions>
      </trkpt>
      <trkpt lat="55.6797279" lon="12.5849412">
        <ele>37.9</ele>
        <time>2026-02-14T16:36:38Z</time>
        <hdop>3.7</hdop>
        <extensions>
          <osmand:provider>fused</osmand:provider>
          <osmand:speed>1.3</osmand:speed>
        </extensions>
      </trkpt>
      <trkpt lat="55.6796636" lon="12.5849249">
        <ele>35.3</ele>
        <time>2026-02-14T16:36:43Z</time>
        <hdop>3.9</hdop>
        <extensions>
          <osmand:provider>fused</osmand:provider>
          <osmand:speed>1</osmand:speed>
        </extensions>
      </trkpt>
      <trkpt lat="55.6795913" lon="12.5849347">
        <ele>35.6</ele>
        <time>2026-02-14T16:36:49Z</time>
        <hdop>3.6</hdop>
        <extensions>
          <osmand:provider>fused</osmand:provider>
          <osmand:speed>1.1</osmand:speed>
        </extensions>
      </trkpt>
      <trkpt lat="55.6795391" lon="12.5849677">
        <ele>35.6</ele>
        <time>2026-02-14T16:36:54Z</time>
        <hdop>6</hdop>
        <extensions>
          <osmand:provider>fused</osmand:provider>
          <osmand:speed>1.2</osmand:speed>
        </extensions>
      </trkpt>
      <trkpt lat="55.679461" lon="12.5849907">
        <ele>35.6</ele>
        <time>2026-02-14T16:36:59Z</time>
        <hdop>6.4</hdop>
        <extensions>
          <osmand:provider>fused</osmand:provider>
          <osmand:speed>1.3</osmand:speed>
        </extensions>
      </trkpt>
      <trkpt lat="55.6794012" lon="12.5850251">
        <ele>37.9</ele>
        <time>2026-02-14T16:37:05Z</time>
        <hdop>6.3</hdop>
        <extensions>
          <osmand:provider>fused</osmand:provider>
          <osmand:speed>0.6</osmand:speed>
        </extensions>
      </trkpt>
      <trkpt lat="55.6793895" lon="12.5850525">
        <ele>37.9</ele>
        <time>2026-02-14T16:37:16Z</time>
        <hdop>6.1</hdop>
        <extensions>
          <osmand:provider>fused</osmand:provider>
          <osmand:speed>0.6</osmand:speed>
        </extensions>
      </trkpt>
      <trkpt lat="55.6793558" lon="12.5850892">
        <ele>37.9</ele>
        <time>2026-02-14T16:37:21Z</time>
        <hdop>9.3</hdop>
        <extensions>
          <osmand:provider>fused</osmand:provider>
          <osmand:speed>0.9</osmand:speed>
        </extensions>
      </trkpt>
      <trkpt lat="55.6793224" lon="12.5850665">
        <ele>37.9</ele>
        <time>2026-02-14T16:37:26Z</time>
        <hdop>11.4</hdop>
        <extensions>
          <osmand:provider>fused</osmand:provider>
          <osmand:speed>1.1</osmand:speed>
        </extensions>
      </trkpt>
      <trkpt lat="55.6792929" lon="12.5850197">
        <ele>37.9</ele>
        <time>2026-02-14T16:37:32Z</time>
        <hdop>11.4</hdop>
        <extensions>
          <osmand:provider>fused</osmand:provider>
          <osmand:speed>1.1</osmand:speed>
        </extensions>
      </trkpt>
      <trkpt lat="55.6792328" lon="12.5850151">
        <ele>37.9</ele>
        <time>2026-02-14T16:37:55Z</time>
        <hdop>7.2</hdop>
        <extensions>
          <osmand:provider>fused</osmand:provider>
          <osmand:speed>0.4</osmand:speed>
        </extensions>
      </trkpt>
      <trkpt lat="55.6791904" lon="12.5851507">
        <ele>37.9</ele>
        <time>2026-02-14T16:38:01Z</time>
        <hdop>6.5</hdop>
        <extensions>
          <osmand:provider>fused</osmand:provider>
          <osmand:speed>0.6</osmand:speed>
        </extensions>
      </trkpt>
      <trkpt lat="55.6791314" lon="12.5851428">
        <ele>37.9</ele>
        <time>2026-02-14T16:38:06Z</time>
        <hdop>8.6</hdop>
        <extensions>
          <osmand:provider>fused</osmand:provider>
          <osmand:speed>1.2</osmand:speed>
        </extensions>
      </trkpt>
      <trkpt lat="55.6790657" lon="12.5851813">
        <ele>37.9</ele>
        <time>2026-02-14T16:38:12Z</time>
        <hdop>9.9</hdop>
        <extensions>
          <osmand:provider>fused</osmand:provider>
          <osmand:speed>0.7</osmand:speed>
        </extensions>
      </trkpt>
      <trkpt lat="55.6791943" lon="12.5851337">
        <ele>37.9</ele>
        <time>2026-02-14T16:38:37Z</time>
        <hdop>71.7</hdop>
        <extensions>
          <osmand:provider>fused</osmand:provider>
          <osmand:speed>1.6</osmand:speed>
        </extensions>
      </trkpt>
      <trkpt lat="55.6794116" lon="12.5851932">
        <ele>35.6</ele>
        <time>2026-02-14T16:38:43Z</time>
        <hdop>45.5</hdop>
        <extensions>
          <osmand:provider>fused</osmand:provider>
          <osmand:speed>1.5</osmand:speed>
        </extensions>
      </trkpt>
      <trkpt lat="55.6794493" lon="12.585242">
        <ele>35.6</ele>
        <time>2026-02-14T16:38:48Z</time>
        <hdop>67.4</hdop>
        <extensions>
          <osmand:provider>fused</osmand:provider>
          <osmand:speed>0.5</osmand:speed>
        </extensions>
      </trkpt>
      <trkpt lat="55.6793531" lon="12.584964">
        <ele>37.9</ele>
        <time>2026-02-14T16:39:21Z</time>
        <hdop>82.5</hdop>
        <extensions>
          <osmand:provider>fused</osmand:provider>
          <osmand:speed>2.7</osmand:speed>
        </extensions>
      </trkpt>
      <trkpt lat="55.6793236" lon="12.5848992">
        <ele>37.9</ele>
        <time>2026-02-14T16:39:27Z</time>
        <hdop>91.4</hdop>
        <extensions>
          <osmand:provider>fused</osmand:provider>
          <osmand:speed>1.3</osmand:speed>
        </extensions>
      </trkpt>
      <trkpt lat="55.6794333" lon="12.5852097">
        <ele>35.6</ele>
        <time>2026-02-14T16:39:34Z</time>
        <hdop>42.5</hdop>
        <extensions>
          <osmand:provider>fused</osmand:provider>
          <osmand:speed>2.4</osmand:speed>
        </extensions>
      </trkpt>
      <trkpt lat="55.6793507" lon="12.5849824">
        <ele>37.9</ele>
        <time>2026-02-14T16:39:39Z</time>
        <hdop>64.1</hdop>
        <extensions>
          <osmand:provider>fused</osmand:provider>
          <osmand:speed>2.6</osmand:speed>
        </extensions>
      </trkpt>
      <trkpt lat="55.6793252" lon="12.584901">
        <ele>37.9</ele>
        <time>2026-02-14T16:39:45Z</time>
        <hdop>82.5</hdop>
        <extensions>
          <osmand:provider>fused</osmand:provider>
          <osmand:speed>1.3</osmand:speed>
        </extensions>
      </trkpt>
      <trkpt lat="55.6793129" lon="12.5851652">
        <ele>37.9</ele>
        <time>2026-02-14T16:40:10Z</time>
        <hdop>100</hdop>
        <extensions>
          <osmand:provider>fused</osmand:provider>
          <osmand:speed>0.9</osmand:speed>
        </extensions>
      </trkpt>
      <trkpt lat="55.6793317" lon="12.5849416">
        <ele>37.9</ele>
        <time>2026-02-14T16:40:23Z</time>
        <hdop>91.7</hdop>
        <extensions>
          <osmand:provider>fused</osmand:provider>
          <osmand:speed>0.6</osmand:speed>
        </extensions>
      </trkpt>
      <trkpt lat="55.6793557" lon="12.5847411">
        <ele>37.9</ele>
        <time>2026-02-14T16:40:29Z</time>
        <hdop>100</hdop>
        <extensions>
          <osmand:provider>fused</osmand:provider>
          <osmand:speed>1.7</osmand:speed>
        </extensions>
      </trkpt>
      <trkpt lat="55.679361" lon="12.5846988">
        <ele>37.9</ele>
        <time>2026-02-14T16:40:35Z</time>
        <hdop>100</hdop>
        <extensions>
          <osmand:provider>fused</osmand:provider>
          <osmand:speed>0.8</osmand:speed>
        </extensions>
      </trkpt>
      <trkpt lat="55.6793386" lon="12.5848896">
        <ele>37.9</ele>
        <time>2026-02-14T16:40:48Z</time>
        <hdop>64.1</hdop>
        <extensions>
          <osmand:provider>fused</osmand:provider>
          <osmand:speed>0.6</osmand:speed>
        </extensions>
      </trkpt>
      <trkpt lat="55.6793331" lon="12.5849369">
        <ele>37.9</ele>
        <time>2026-02-14T16:40:54Z</time>
        <hdop>73</hdop>
        <extensions>
          <osmand:provider>fused</osmand:provider>
          <osmand:speed>0.5</osmand:speed>
        </extensions>
      </trkpt>
      <trkpt lat="55.6793556" lon="12.5847458">
        <ele>37.9</ele>
        <time>2026-02-14T16:41:14Z</time>
        <hdop>100</hdop>
        <extensions>
          <osmand:provider>fused</osmand:provider>
          <osmand:speed>1.4</osmand:speed>
        </extensions>
      </trkpt>
      <trkpt lat="55.6793606" lon="12.5847036">
        <ele>37.9</ele>
        <time>2026-02-14T16:41:21Z</time>
        <hdop>100</hdop>
        <extensions>
          <osmand:provider>fused</osmand:provider>
          <osmand:speed>0.6</osmand:speed>
        </extensions>
      </trkpt>
      <trkpt lat="55.6793412" lon="12.5848673">
        <ele>37.9</ele>
        <time>2026-02-14T16:42:01Z</time>
        <hdop>173.8</hdop>
        <extensions>
          <osmand:provider>fused</osmand:provider>
          <osmand:speed>0.4</osmand:speed>
        </extensions>
      </trkpt>
      <trkpt lat="55.6793353" lon="12.5849177">
        <ele>37.9</ele>
        <time>2026-02-14T16:42:08Z</time>
        <hdop>183.9</hdop>
        <extensions>
          <osmand:provider>fused</osmand:provider>
          <osmand:speed>0.4</osmand:speed>
        </extensions>
      </trkpt>
      <trkpt lat="55.68379" lon="12.5711729">
        <ele>37.9</ele>
        <time>2026-02-14T16:42:22Z</time>
        <hdop>15.8</hdop>
        <extensions>
          <osmand:provider>fused</osmand:provider>
          <osmand:speed>0.7</osmand:speed>
        </extensions>
      </trkpt>
      <trkpt lat="55.6838609" lon="12.5711859">
        <ele>37.9</ele>
        <time>2026-02-14T16:42:28Z</time>
        <hdop>14.4</hdop>
        <extensions>
          <osmand:provider>fused</osmand:provider>
          <osmand:speed>0.3</osmand:speed>
        </extensions>
      </trkpt>
      <trkpt lat="55.6838859" lon="12.571222">
        <ele>37.9</ele>
        <time>2026-02-14T16:42:33Z</time>
        <hdop>7.5</hdop>
        <extensions>
          <osmand:provider>fused</osmand:provider>
          <osmand:speed>0.6</osmand:speed>
        </extensions>
      </trkpt>
      <trkpt lat="55.6839123" lon="12.5712009">
        <ele>37.9</ele>
        <time>2026-02-14T16:42:38Z</time>
        <hdop>5.2</hdop>
        <extensions>
          <osmand:provider>fused</osmand:provider>
          <osmand:speed>0.8</osmand:speed>
        </extensions>
      </trkpt>
      <trkpt lat="55.6839209" lon="12.5711145">
        <ele>47.7</ele>
        <time>2026-02-14T16:43:13Z</time>
        <hdop>3.6</hdop>
        <extensions>
          <osmand:provider>fused</osmand:provider>
          <osmand:speed>0.3</osmand:speed>
        </extensions>
      </trkpt>
      <trkpt lat="55.6838914" lon="12.5711572">
        <ele>41.7</ele>
        <time>2026-02-14T16:43:39Z</time>
        <hdop>9.7</hdop>
        <extensions>
          <osmand:provider>fused</osmand:provider>
          <osmand:speed>0.3</osmand:speed>
        </extensions>
      </trkpt>
      <trkpt lat="55.6838526" lon="12.5711976">
        <ele>46.1</ele>
        <time>2026-02-14T16:43:58Z</time>
        <hdop>10.8</hdop>
        <extensions>
          <osmand:provider>fused</osmand:provider>
          <osmand:speed>0.3</osmand:speed>
        </extensions>
      </trkpt>
      <trkpt lat="55.6838573" lon="12.5712351">
        <ele>41.7</ele>
        <time>2026-02-14T16:44:06Z</time>
        <hdop>11.5</hdop>
        <extensions>
          <osmand:provider>fused</osmand:provider>
          <osmand:speed>0.8</osmand:speed>
        </extensions>
      </trkpt>
      <trkpt lat="55.6838875" lon="12.571293">
        <ele>47.8</ele>
        <time>2026-02-14T16:44:11Z</time>
        <hdop>13.1</hdop>
        <extensions>
          <osmand:provider>fused</osmand:provider>
          <osmand:speed>1.1</osmand:speed>
        </extensions>
      </trkpt>
      <trkpt lat="55.683923" lon="12.5713755">
        <ele>47.8</ele>
        <time>2026-02-14T16:44:16Z</time>
        <hdop>16.4</hdop>
        <extensions>
          <osmand:provider>fused</osmand:provider>
          <osmand:speed>1.1</osmand:speed>
        </extensions>
      </trkpt>
      <trkpt lat="55.6839784" lon="12.5714121">
        <ele>47.8</ele>
        <time>2026-02-14T16:44:22Z</time>
        <hdop>18.8</hdop>
        <extensions>
          <osmand:provider>fused</osmand:provider>
          <osmand:speed>1.1</osmand:speed>
        </extensions>
      </trkpt>
      <trkpt lat="55.6839518" lon="12.5714326">
        <ele>47.8</ele>
        <time>2026-02-14T16:44:28Z</time>
        <hdop>23.3</hdop>
        <extensions>
          <osmand:provider>fused</osmand:provider>
          <osmand:speed>1.1</osmand:speed>
        </extensions>
      </trkpt>
      <trkpt lat="55.6839408" lon="12.571407">
        <ele>47.8</ele>
        <time>2026-02-14T16:44:33Z</time>
        <hdop>24.8</hdop>
        <extensions>
          <osmand:provider>fused</osmand:provider>
          <osmand:speed>1.2</osmand:speed>
        </extensions>
      </trkpt>
      <trkpt lat="55.6839699" lon="12.5714226">
        <ele>47.8</ele>
        <time>2026-02-14T16:44:39Z</time>
        <hdop>30.3</hdop>
        <extensions>
          <osmand:provider>fused</osmand:provider>
          <osmand:speed>1.3</osmand:speed>
        </extensions>
      </trkpt>
      <trkpt lat="55.6839793" lon="12.5714992">
        <ele>47.8</ele>
        <time>2026-02-14T16:44:44Z</time>
        <hdop>44.4</hdop>
        <extensions>
          <osmand:provider>fused</osmand:provider>
          <osmand:speed>1.2</osmand:speed>
        </extensions>
      </trkpt>
      <trkpt lat="55.6838844" lon="12.5710357">
        <ele>47.6</ele>
        <time>2026-02-14T16:44:56Z</time>
        <hdop>55.8</hdop>
        <extensions>
          <osmand:provider>fused</osmand:provider>
          <osmand:speed>2.9</osmand:speed>
        </extensions>
      </trkpt>
      <trkpt lat="55.6839066" lon="12.571117">
        <ele>47.7</ele>
        <time>2026-02-14T16:45:01Z</time>
        <hdop>19.5</hdop>
        <extensions>
          <osmand:provider>fused</osmand:provider>
          <osmand:speed>0.4</osmand:speed>
        </extensions>
      </trkpt>
      <trkpt lat="55.683898" lon="12.5708148">
        <ele>57.4</ele>
        <time>2026-02-14T16:45:06Z</time>
        <hdop>5.6</hdop>
        <extensions>
          <osmand:provider>fused</osmand:provider>
          <osmand:speed>1.1</osmand:speed>
        </extensions>
      </trkpt>
      <trkpt lat="55.6838386" lon="12.5706614">
        <ele>57.4</ele>
        <time>2026-02-14T16:45:12Z</time>
        <hdop>6.3</hdop>
        <extensions>
          <osmand:provider>fused</osmand:provider>
          <osmand:speed>0.9</osmand:speed>
        </extensions>
      </trkpt>
      <trkpt lat="55.6837718" lon="12.570527">
        <ele>47.7</ele>
        <time>2026-02-14T16:45:17Z</time>
        <hdop>4.2</hdop>
        <extensions>
          <osmand:provider>fused</osmand:provider>
          <osmand:speed>1</osmand:speed>
        </extensions>
      </trkpt>
      <trkpt lat="55.6837359" lon="12.5704216">
        <ele>47.7</ele>
        <time>2026-02-14T16:45:22Z</time>
        <hdop>4.7</hdop>
        <extensions>
          <osmand:provider>fused</osmand:provider>
          <osmand:speed>1.1</osmand:speed>
        </extensions>
      </trkpt>
      <trkpt lat="55.6837062" lon="12.5703497">
        <ele>47.7</ele>
        <time>2026-02-14T16:45:28Z</time>
        <hdop>6.3</hdop>
        <extensions>
          <osmand:provider>fused</osmand:provider>
          <osmand:speed>0.7</osmand:speed>
        </extensions>
      </trkpt>
      <trkpt lat="55.6836506" lon="12.5702509">
        <ele>47.6</ele>
        <time>2026-02-14T16:45:33Z</time>
        <hdop>4.8</hdop>
        <extensions>
          <osmand:provider>fused</osmand:provider>
          <osmand:speed>0.9</osmand:speed>
        </extensions>
      </trkpt>
      <trkpt lat="55.6836091" lon="12.5701972">
        <ele>47.6</ele>
        <time>2026-02-14T16:45:38Z</time>
        <hdop>4.2</hdop>
        <extensions>
          <osmand:provider>fused</osmand:provider>
          <osmand:speed>1</osmand:speed>
        </extensions>
      </trkpt>
      <trkpt lat="55.6835773" lon="12.570147">
        <ele>47.7</ele>
        <time>2026-02-14T16:45:43Z</time>
        <hdop>4.3</hdop>
        <extensions>
          <osmand:provider>fused</osmand:provider>
          <osmand:speed>1</osmand:speed>
        </extensions>
      </trkpt>
      <trkpt lat="55.6835167" lon="12.570062">
        <ele>47.7</ele>
        <time>2026-02-14T16:45:49Z</time>
        <hdop>5.6</hdop>
        <extensions>
          <osmand:provider>fused</osmand:provider>
          <osmand:speed>0.9</osmand:speed>
        </extensions>
      </trkpt>
      <trkpt lat="55.6834817" lon="12.570011">
        <ele>47.8</ele>
        <time>2026-02-14T16:45:54Z</time>
        <hdop>3.7</hdop>
        <extensions>
          <osmand:provider>fused</osmand:provider>
          <osmand:speed>1</osmand:speed>
        </extensions>
      </trkpt>
      <trkpt lat="55.6834326" lon="12.5699441">
        <ele>47.6</ele>
        <time>2026-02-14T16:46:00Z</time>
        <hdop>3.7</hdop>
        <extensions>
          <osmand:provider>fused</osmand:provider>
          <osmand:speed>1.1</osmand:speed>
        </extensions>
      </trkpt>
      <trkpt lat="55.6833875" lon="12.5698668">
        <ele>47.6</ele>
        <time>2026-02-14T16:46:05Z</time>
        <hdop>4.4</hdop>
        <extensions>
          <osmand:provider>fused</osmand:provider>
          <osmand:speed>1.1</osmand:speed>
        </extensions>
      </trkpt>
      <trkpt lat="55.6834138" lon="12.5697739">
        <ele>47.6</ele>
        <time>2026-02-14T16:46:11Z</time>
        <hdop>4.6</hdop>
        <extensions>
          <osmand:provider>fused</osmand:provider>
          <osmand:speed>0.8</osmand:speed>
        </extensions>
      </trkpt>
      <trkpt lat="55.683388" lon="12.5697131">
        <ele>47.9</ele>
        <time>2026-02-14T16:46:32Z</time>
        <hdop>3.2</hdop>
        <extensions>
          <osmand:provider>fused</osmand:provider>
          <osmand:speed>0.3</osmand:speed>
        </extensions>
      </trkpt>
      <trkpt lat="55.683366" lon="12.5697">
        <ele>47.9</ele>
        <time>2026-02-14T16:46:42Z</time>
        <hdop>3.7</hdop>
        <extensions>
          <osmand:provider>fused</osmand:provider>
          <osmand:speed>0.6</osmand:speed>
        </extensions>
      </trkpt>
      <trkpt lat="55.6832834" lon="12.5697393">
        <ele>47.7</ele>
        <time>2026-02-14T16:46:47Z</time>
        <hdop>6.5</hdop>
        <extensions>
          <osmand:provider>fused</osmand:provider>
          <osmand:speed>1</osmand:speed>
        </extensions>
      </trkpt>
      <trkpt lat="55.6832231" lon="12.5697179">
        <ele>47.7</ele>
        <time>2026-02-14T16:46:52Z</time>
        <hdop>6.7</hdop>
        <extensions>
          <osmand:provider>fused</osmand:provider>
          <osmand:speed>1.2</osmand:speed>
        </extensions>
      </trkpt>
      <trkpt lat="55.6831624" lon="12.5696658">
        <ele>47.7</ele>
        <time>2026-02-14T16:46:58Z</time>
        <hdop>4.3</hdop>
        <extensions>
          <osmand:provider>fused</osmand:provider>
          <osmand:speed>1.2</osmand:speed>
        </extensions>
      </trkpt>
      <trkpt lat="55.6831102" lon="12.5695832">
        <ele>47.4</ele>
        <time>2026-02-14T16:47:03Z</time>
        <hdop>4.7</hdop>
        <extensions>
          <osmand:provider>fused</osmand:provider>
          <osmand:speed>1.2</osmand:speed>
        </extensions>
      </trkpt>
      <trkpt lat="55.6830618" lon="12.5695173">
        <ele>47.4</ele>
        <time>2026-02-14T16:47:08Z</time>
        <hdop>4.5</hdop>
        <extensions>
          <osmand:provider>fused</osmand:provider>
          <osmand:speed>1.1</osmand:speed>
        </extensions>
      </trkpt>
      <trkpt lat="55.6830039" lon="12.569446">
        <ele>47.6</ele>
        <time>2026-02-14T16:47:13Z</time>
        <hdop>4.2</hdop>
        <extensions>
          <osmand:provider>fused</osmand:provider>
          <osmand:speed>1.2</osmand:speed>
        </extensions>
      </trkpt>
      <trkpt lat="55.6829404" lon="12.5693747">
        <ele>47.6</ele>
        <time>2026-02-14T16:47:19Z</time>
        <hdop>4.1</hdop>
        <extensions>
          <osmand:provider>fused</osmand:provider>
          <osmand:speed>1.3</osmand:speed>
        </extensions>
      </trkpt>
      <trkpt lat="55.6828974" lon="12.5692913">
        <ele>49.9</ele>
        <time>2026-02-14T16:47:25Z</time>
        <hdop>3.7</hdop>
        <extensions>
          <osmand:provider>fused</osmand:provider>
          <osmand:speed>1.1</osmand:speed>
        </extensions>
      </trkpt>
      <trkpt lat="55.6828577" lon="12.5692271">
        <ele>49.9</ele>
        <time>2026-02-14T16:47:30Z</time>
        <hdop>3</hdop>
        <extensions>
          <osmand:provider>fused</osmand:provider>
          <osmand:speed>1.2</osmand:speed>
        </extensions>
      </trkpt>
      <trkpt lat="55.6828144" lon="12.5691682">
        <ele>49.9</ele>
        <time>2026-02-14T16:47:35Z</time>
        <hdop>3</hdop>
        <extensions>
          <osmand:provider>fused</osmand:provider>
          <osmand:speed>1.1</osmand:speed>
        </extensions>
      </trkpt>
      <trkpt lat="55.6827719" lon="12.569106">
        <ele>49.9</ele>
        <time>2026-02-14T16:47:40Z</time>
        <hdop>3</hdop>
        <extensions>
          <osmand:provider>fused</osmand:provider>
          <osmand:speed>1.1</osmand:speed>
        </extensions>
      </trkpt>
      <trkpt lat="55.6827224" lon="12.5690098">
        <ele>52.1</ele>
        <time>2026-02-14T16:47:46Z</time>
        <hdop>3.2</hdop>
        <extensions>
          <osmand:provider>fused</osmand:provider>
          <osmand:speed>1.2</osmand:speed>
        </extensions>
      </trkpt>
      <trkpt lat="55.6826679" lon="12.568994">
        <ele>47.3</ele>
        <time>2026-02-14T16:47:51Z</time>
        <hdop>4.5</hdop>
        <extensions>
          <osmand:provider>fused</osmand:provider>
          <osmand:speed>1.1</osmand:speed>
        </extensions>
      </trkpt>
      <trkpt lat="55.6826078" lon="12.5689597">
        <ele>47.3</ele>
        <time>2026-02-14T16:47:57Z</time>
        <hdop>5.5</hdop>
        <extensions>
          <osmand:provider>fused</osmand:provider>
          <osmand:speed>1.2</osmand:speed>
        </extensions>
      </trkpt>
      <trkpt lat="55.6825553" lon="12.5689032">
        <ele>47.3</ele>
        <time>2026-02-14T16:48:02Z</time>
        <hdop>5.7</hdop>
        <extensions>
          <osmand:provider>fused</osmand:provider>
          <osmand:speed>1.1</osmand:speed>
        </extensions>
      </trkpt>
      <trkpt lat="55.6825041" lon="12.5688468">
        <ele>48.4</ele>
        <time>2026-02-14T16:48:07Z</time>
        <hdop>4.6</hdop>
        <extensions>
          <osmand:provider>fused</osmand:provider>
          <osmand:speed>1.2</osmand:speed>
        </extensions>
      </trkpt>
      <trkpt lat="55.6824356" lon="12.5687648">
        <ele>48.4</ele>
        <time>2026-02-14T16:48:13Z</time>
        <hdop>4.7</hdop>
        <extensions>
          <osmand:provider>fused</osmand:provider>
          <osmand:speed>1.3</osmand:speed>
        </extensions>
      </trkpt>
      <trkpt lat="55.6823879" lon="12.5686604">
        <ele>48.4</ele>
        <time>2026-02-14T16:48:19Z</time>
        <hdop>4.9</hdop>
        <extensions>
          <osmand:provider>fused</osmand:provider>
          <osmand:speed>1.1</osmand:speed>
        </extensions>
      </trkpt>
      <trkpt lat="55.6823355" lon="12.5686029">
        <ele>48.4</ele>
        <time>2026-02-14T16:48:24Z</time>
        <hdop>5.3</hdop>
        <extensions>
          <osmand:provider>fused</osmand:provider>
          <osmand:speed>1.2</osmand:speed>
        </extensions>
      </trkpt>
      <trkpt lat="55.6823465" lon="12.5685142">
        <ele>47.9</ele>
        <time>2026-02-14T16:48:29Z</time>
        <hdop>4.8</hdop>
        <extensions>
          <osmand:provider>fused</osmand:provider>
          <osmand:speed>1.2</osmand:speed>
        </extensions>
      </trkpt>
      <trkpt lat="55.6823837" lon="12.5684506">
        <ele>47.9</ele>
        <time>2026-02-14T16:48:34Z</time>
        <hdop>3.2</hdop>
        <extensions>
          <osmand:provider>fused</osmand:provider>
          <osmand:speed>1.1</osmand:speed>
        </extensions>
      </trkpt>
      <trkpt lat="55.6823736" lon="12.5683412">
        <ele>48.2</ele>
        <time>2026-02-14T16:48:40Z</time>
        <hdop>3.2</hdop>
        <extensions>
          <osmand:provider>fused</osmand:provider>
          <osmand:speed>1.1</osmand:speed>
        </extensions>
      </trkpt>
      <trkpt lat="55.6823796" lon="12.568258">
        <ele>48.2</ele>
        <time>2026-02-14T16:48:45Z</time>
        <hdop>4</hdop>
        <extensions>
          <osmand:provider>fused</osmand:provider>
          <osmand:speed>1</osmand:speed>
        </extensions>
      </trkpt>
      <trkpt lat="55.6823623" lon="12.5681997">
        <ele>50.6</ele>
        <time>2026-02-14T16:48:51Z</time>
        <hdop>4.9</hdop>
        <extensions>
          <osmand:provider>fused</osmand:provider>
          <osmand:speed>0.4</osmand:speed>
        </extensions>
      </trkpt>
      <trkpt lat="55.6823168" lon="12.5682168">
        <ele>50.3</ele>
        <time>2026-02-14T16:49:25Z</time>
        <hdop>3.8</hdop>
        <extensions>
          <osmand:provider>fused</osmand:provider>
          <osmand:speed>0.5</osmand:speed>
        </extensions>
      </trkpt>
      <trkpt lat="55.6822928" lon="12.5681366">
        <ele>50.3</ele>
        <time>2026-02-14T16:49:30Z</time>
        <hdop>3.1</hdop>
        <extensions>
          <osmand:provider>fused</osmand:provider>
          <osmand:speed>1.2</osmand:speed>
        </extensions>
      </trkpt>
      <trkpt lat="55.6822495" lon="12.5680625">
        <ele>51</ele>
        <time>2026-02-14T16:49:35Z</time>
        <hdop>4</hdop>
        <extensions>
          <osmand:provider>fused</osmand:provider>
          <osmand:speed>1</osmand:speed>
        </extensions>
      </trkpt>
      <trkpt lat="55.6822192" lon="12.5680184">
        <ele>50.3</ele>
        <time>2026-02-14T16:49:41Z</time>
        <hdop>5.5</hdop>
        <extensions>
          <osmand:provider>fused</osmand:provider>
          <osmand:speed>1.2</osmand:speed>
        </extensions>
      </trkpt>
      <trkpt lat="55.6822078" lon="12.5678945">
        <ele>50.3</ele>
        <time>2026-02-14T16:49:46Z</time>
        <hdop>6.5</hdop>
        <extensions>
          <osmand:provider>fused</osmand:provider>
          <osmand:speed>1.2</osmand:speed>
        </extensions>
      </trkpt>
      <trkpt lat="55.6822076" lon="12.5677669">
        <ele>47.5</ele>
        <time>2026-02-14T16:49:52Z</time>
        <hdop>5.7</hdop>
        <extensions>
          <osmand:provider>fused</osmand:provider>
          <osmand:speed>1.1</osmand:speed>
        </extensions>
      </trkpt>
      <trkpt lat="55.6822153" lon="12.5676633">
        <ele>47.3</ele>
        <time>2026-02-14T16:49:57Z</time>
        <hdop>7.4</hdop>
        <extensions>
          <osmand:provider>fused</osmand:provider>
          <osmand:speed>1.1</osmand:speed>
        </extensions>
      </trkpt>
      <trkpt lat="55.6822294" lon="12.5675337">
        <ele>47.3</ele>
        <time>2026-02-14T16:50:02Z</time>
        <hdop>7.6</hdop>
        <extensions>
          <osmand:provider>fused</osmand:provider>
          <osmand:speed>1.3</osmand:speed>
        </extensions>
      </trkpt>
      <trkpt lat="55.6823076" lon="12.5674275">
        <ele>46.8</ele>
        <time>2026-02-14T16:50:07Z</time>
        <hdop>7.4</hdop>
        <extensions>
          <osmand:provider>fused</osmand:provider>
          <osmand:speed>1.3</osmand:speed>
        </extensions>
      </trkpt>
      <trkpt lat="55.6823835" lon="12.5673403">
        <ele>46.8</ele>
        <time>2026-02-14T16:50:13Z</time>
        <hdop>4.9</hdop>
        <extensions>
          <osmand:provider>fused</osmand:provider>
          <osmand:speed>1.2</osmand:speed>
        </extensions>
      </trkpt>
      <trkpt lat="55.6824783" lon="12.5672858">
        <ele>47</ele>
        <time>2026-02-14T16:50:18Z</time>
        <hdop>5.6</hdop>
        <extensions>
          <osmand:provider>fused</osmand:provider>
          <osmand:speed>1.3</osmand:speed>
        </extensions>
      </trkpt>
      <trkpt lat="55.6825472" lon="12.5672293">
        <ele>47</ele>
        <time>2026-02-14T16:50:23Z</time>
        <hdop>6.3</hdop>
        <extensions>
          <osmand:provider>fused</osmand:provider>
          <osmand:speed>0.8</osmand:speed>
        </extensions>
      </trkpt>
      <trkpt lat="55.6826146" lon="12.5671162">
        <ele>46.8</ele>
        <time>2026-02-14T16:50:28Z</time>
        <hdop>5.7</hdop>
        <extensions>
          <osmand:provider>fused</osmand:provider>
          <osmand:speed>1.3</osmand:speed>
        </extensions>
      </trkpt>
      <trkpt lat="55.6826637" lon="12.5670182">
        <ele>46.8</ele>
        <time>2026-02-14T16:50:34Z</time>
        <hdop>6.2</hdop>
        <extensions>
          <osmand:provider>fused</osmand:provider>
          <osmand:speed>1.2</osmand:speed>
        </extensions>
      </trkpt>
      <trkpt lat="55.6827084" lon="12.5669302">
        <ele>47</ele>
        <time>2026-02-14T16:50:39Z</time>
        <hdop>7.4</hdop>
        <extensions>
          <osmand:provider>fused</osmand:provider>
          <osmand:speed>1.3</osmand:speed>
        </extensions>
      </trkpt>
      <trkpt lat="55.6827542" lon="12.5668312">
        <ele>47</ele>
        <time>2026-02-14T16:50:44Z</time>
        <hdop>6.8</hdop>
        <extensions>
          <osmand:provider>fused</osmand:provider>
          <osmand:speed>1.3</osmand:speed>
        </extensions>
      </trkpt>
      <trkpt lat="55.6828181" lon="12.5667341">
        <ele>47</ele>
        <time>2026-02-14T16:50:49Z</time>
        <hdop>6.5</hdop>
        <extensions>
          <osmand:provider>fused</osmand:provider>
          <osmand:speed>1.3</osmand:speed>
        </extensions>
      </trkpt>
      <trkpt lat="55.6828888" lon="12.5666865">
        <ele>49.9</ele>
        <time>2026-02-14T16:50:55Z</time>
        <hdop>7.5</hdop>
        <extensions>
          <osmand:provider>fused</osmand:provider>
          <osmand:speed>1.3</osmand:speed>
        </extensions>
      </trkpt>
      <trkpt lat="55.6829319" lon="12.5666226">
        <ele>47</ele>
        <time>2026-02-14T16:51:00Z</time>
        <hdop>7.2</hdop>
        <extensions>
          <osmand:provider>fused</osmand:provider>
          <osmand:speed>1.2</osmand:speed>
        </extensions>
      </trkpt>
      <trkpt lat="55.6829717" lon="12.5665294">
        <ele>47</ele>
        <time>2026-02-14T16:51:06Z</time>
        <hdop>6.2</hdop>
        <extensions>
          <osmand:provider>fused</osmand:provider>
          <osmand:speed>1.2</osmand:speed>
        </extensions>
      </trkpt>
      <trkpt lat="55.6830116" lon="12.5664598">
        <ele>46.9</ele>
        <time>2026-02-14T16:51:11Z</time>
        <hdop>6.1</hdop>
        <extensions>
          <osmand:provider>fused</osmand:provider>
          <osmand:speed>1</osmand:speed>
        </extensions>
      </trkpt>
      <trkpt lat="55.6830606" lon="12.5663938">
        <ele>46.7</ele>
        <time>2026-02-14T16:51:16Z</time>
        <hdop>5.8</hdop>
        <extensions>
          <osmand:provider>fused</osmand:provider>
          <osmand:speed>1.1</osmand:speed>
        </extensions>
      </trkpt>
      <trkpt lat="55.6830916" lon="12.5663439">
        <ele>46.5</ele>
        <time>2026-02-14T16:51:21Z</time>
        <hdop>4.4</hdop>
        <extensions>
          <osmand:provider>fused</osmand:provider>
          <osmand:speed>1.1</osmand:speed>
        </extensions>
      </trkpt>
      <trkpt lat="55.6830722" lon="12.5663848">
        <ele>46.1</ele>
        <time>2026-02-14T16:51:36Z</time>
        <hdop>3.1</hdop>
        <extensions>
          <osmand:provider>fused</osmand:provider>
          <osmand:speed>0.3</osmand:speed>
        </extensions>
      </trkpt>
      <trkpt lat="55.6831378" lon="12.5663355">
        <ele>46.1</ele>
        <time>2026-02-14T16:51:41Z</time>
        <hdop>4.4</hdop>
        <extensions>
          <osmand:provider>fused</osmand:provider>
          <osmand:speed>1.1</osmand:speed>
        </extensions>
      </trkpt>
      <trkpt lat="55.6831833" lon="12.566236">
        <ele>46.1</ele>
        <time>2026-02-14T16:51:46Z</time>
        <hdop>5.7</hdop>
        <extensions>
          <osmand:provider>fused</osmand:provider>
          <osmand:speed>1.3</osmand:speed>
        </extensions>
      </trkpt>
      <trkpt lat="55.6832366" lon="12.5661207">
        <ele>46.3</ele>
        <time>2026-02-14T16:51:51Z</time>
        <hdop>7.8</hdop>
        <extensions>
          <osmand:provider>fused</osmand:provider>
          <osmand:speed>1.4</osmand:speed>
        </extensions>
      </trkpt>
      <trkpt lat="55.6832553" lon="12.565935">
        <ele>46.7</ele>
        <time>2026-02-14T16:51:57Z</time>
        <hdop>6.9</hdop>
        <extensions>
          <osmand:provider>fused</osmand:provider>
          <osmand:speed>1.2</osmand:speed>
        </extensions>
      </trkpt>
      <trkpt lat="55.6832837" lon="12.5658364">
        <ele>46.8</ele>
        <time>2026-02-14T16:52:03Z</time>
        <hdop>5.9</hdop>
        <extensions>
          <osmand:provider>fused</osmand:provider>
          <osmand:speed>1.2</osmand:speed>
        </extensions>
      </trkpt>
      <trkpt lat="55.6833071" lon="12.5657583">
        <ele>46.7</ele>
        <time>2026-02-14T16:52:08Z</time>
        <hdop>7.6</hdop>
        <extensions>
          <osmand:provider>fused</osmand:provider>
          <osmand:speed>1.1</osmand:speed>
        </extensions>
      </trkpt>
      <trkpt lat="55.6832786" lon="12.5655887">
        <ele>46.7</ele>
        <time>2026-02-14T16:52:14Z</time>
        <hdop>7.1</hdop>
        <extensions>
          <osmand:provider>fused</osmand:provider>
          <osmand:speed>1.3</osmand:speed>
        </extensions>
      </trkpt>
      <trkpt lat="55.6833264" lon="12.565499">
        <ele>46.7</ele>
        <time>2026-02-14T16:52:19Z</time>
        <hdop>5.7</hdop>
        <extensions>
          <osmand:provider>fused</osmand:provider>
          <osmand:speed>1.2</osmand:speed>
        </extensions>
      </trkpt>
      <trkpt lat="55.6833771" lon="12.5654004">
        <ele>46.4</ele>
        <time>2026-02-14T16:52:24Z</time>
        <hdop>4.1</hdop>
        <extensions>
          <osmand:provider>fused</osmand:provider>
          <osmand:speed>1.2</osmand:speed>
        </extensions>
      </trkpt>
      <trkpt lat="55.6834179" lon="12.565295">
        <ele>46.5</ele>
        <time>2026-02-14T16:52:30Z</time>
        <hdop>4.7</hdop>
        <extensions>
          <osmand:provider>fused</osmand:provider>
          <osmand:speed>1.1</osmand:speed>
        </extensions>
      </trkpt>
      <trkpt lat="55.6834415" lon="12.5652119">
        <ele>46.5</ele>
        <time>2026-02-14T16:52:35Z</time>
        <hdop>5.2</hdop>
        <extensions>
          <osmand:provider>fused</osmand:provider>
          <osmand:speed>1.2</osmand:speed>
        </extensions>
      </trkpt>
      <trkpt lat="55.6834665" lon="12.5651571">
        <ele>46.5</ele>
        <time>2026-02-14T16:52:40Z</time>
        <hdop>4.6</hdop>
        <extensions>
          <osmand:provider>fused</osmand:provider>
          <osmand:speed>0.9</osmand:speed>
        </extensions>
      </trkpt>
      <trkpt lat="55.6834425" lon="12.5650984">
        <ele>46.5</ele>
        <time>2026-02-14T16:52:46Z</time>
        <hdop>4.8</hdop>
        <extensions>
          <osmand:provider>fused</osmand:provider>
          <osmand:speed>1</osmand:speed>
        </extensions>
      </trkpt>
      <trkpt lat="55.6833887" lon="12.5650882">
        <ele>46.4</ele>
        <time>2026-02-14T16:52:51Z</time>
        <hdop>4.1</hdop>
        <extensions>
          <osmand:provider>fused</osmand:provider>
          <osmand:speed>0.6</osmand:speed>
        </extensions>
      </trkpt>
      <trkpt lat="55.6834064" lon="12.5651087">
        <ele>46.5</ele>
        <time>2026-02-14T16:52:56Z</time>
        <hdop>4.1</hdop>
        <extensions>
          <osmand:provider>fused</osmand:provider>
          <osmand:speed>0.3</osmand:speed>
        </extensions>
      </trkpt>
      <trkpt lat="55.6835373" lon="12.5651708">
        <ele>46.5</ele>
        <time>2026-02-14T16:54:19Z</time>
        <hdop>9.9</hdop>
        <extensions>
          <osmand:provider>fused</osmand:provider>
          <osmand:speed>0.4</osmand:speed>
        </extensions>
      </trkpt>
      <trkpt lat="55.6835036" lon="12.5651689">
        <ele>46.5</ele>
        <time>2026-02-14T16:55:03Z</time>
        <hdop>9.9</hdop>
        <extensions>
          <osmand:provider>fused</osmand:provider>
          <osmand:speed>2.7</osmand:speed>
        </extensions>
      </trkpt>
      <trkpt lat="55.6835307" lon="12.5652615">
        <ele>46.5</ele>
        <time>2026-02-14T16:55:08Z</time>
        <hdop>9.9</hdop>
        <extensions>
          <osmand:provider>fused</osmand:provider>
          <osmand:speed>1.1</osmand:speed>
        </extensions>
      </trkpt>
      <trkpt lat="55.6834201" lon="12.5653434">
        <ele>46.5</ele>
        <time>2026-02-14T16:55:13Z</time>
        <hdop>10.2</hdop>
        <extensions>
          <osmand:provider>fused</osmand:provider>
          <osmand:speed>1.1</osmand:speed>
        </extensions>
      </trkpt>
      <trkpt lat="55.683412" lon="12.5654438">
        <ele>46.5</ele>
        <time>2026-02-14T16:55:18Z</time>
        <hdop>6.7</hdop>
        <extensions>
          <osmand:provider>fused</osmand:provider>
          <osmand:speed>1.2</osmand:speed>
        </extensions>
      </trkpt>
      <trkpt lat="55.6834025" lon="12.5655467">
        <ele>46.6</ele>
        <time>2026-02-14T16:55:24Z</time>
        <hdop>5.3</hdop>
        <extensions>
          <osmand:provider>fused</osmand:provider>
          <osmand:speed>1.1</osmand:speed>
        </extensions>
      </trkpt>
      <trkpt lat="55.6834125" lon="12.5655898">
        <ele>46.8</ele>
        <time>2026-02-14T16:55:29Z</time>
        <hdop>4.8</hdop>
        <extensions>
          <osmand:provider>fused</osmand:provider>
          <osmand:speed>1</osmand:speed>
        </extensions>
      </trkpt>
      <trkpt lat="55.6834578" lon="12.5654972">
        <ele>46.8</ele>
        <time>2026-02-14T16:55:34Z</time>
        <hdop>6.7</hdop>
        <extensions>
          <osmand:provider>fused</osmand:provider>
          <osmand:speed>1.2</osmand:speed>
        </extensions>
      </trkpt>
      <trkpt lat="55.6835243" lon="12.5653497">
        <ele>46.7</ele>
        <time>2026-02-14T16:55:40Z</time>
        <hdop>7.7</hdop>
        <extensions>
          <osmand:provider>fused</osmand:provider>
          <osmand:speed>1.1</osmand:speed>
        </extensions>
      </trkpt>
      <trkpt lat="55.6836255" lon="12.5653116">
        <ele>46.7</ele>
        <time>2026-02-14T16:55:45Z</time>
        <hdop>5.8</hdop>
        <extensions>
          <osmand:provider>fused</osmand:provider>
          <osmand:speed>1.1</osmand:speed>
        </extensions>
      </trkpt>
      <trkpt lat="55.6836968" lon="12.5653632">
        <ele>46.7</ele>
        <time>2026-02-14T16:55:51Z</time>
        <hdop>4.5</hdop>
        <extensions>
          <osmand:provider>fused</osmand:provider>
          <osmand:speed>1.1</osmand:speed>
        </extensions>
      </trkpt>
      <trkpt lat="55.6837355" lon="12.5654148">
        <ele>46.7</ele>
        <time>2026-02-14T16:55:56Z</time>
        <hdop>4.6</hdop>
        <extensions>
          <osmand:provider>fused</osmand:provider>
          <osmand:speed>1.1</osmand:speed>
        </extensions>
      </trkpt>
      <trkpt lat="55.6837956" lon="12.5655018">
        <ele>46.7</ele>
        <time>2026-02-14T16:56:02Z</time>
        <hdop>4.7</hdop>
        <extensions>
          <osmand:provider>fused</osmand:provider>
          <osmand:speed>1</osmand:speed>
        </extensions>
      </trkpt>
      <trkpt lat="55.6838601" lon="12.5655983">
        <ele>46.8</ele>
        <time>2026-02-14T16:56:07Z</time>
        <hdop>4.5</hdop>
        <extensions>
          <osmand:provider>fused</osmand:provider>
          <osmand:speed>1.1</osmand:speed>
        </extensions>
      </trkpt>
      <trkpt lat="55.6839079" lon="12.5656976">
        <ele>46.8</ele>
        <time>2026-02-14T16:56:12Z</time>
        <hdop>5.6</hdop>
        <extensions>
          <osmand:provider>fused</osmand:provider>
          <osmand:speed>1.1</osmand:speed>
        </extensions>
      </trkpt>
      <trkpt lat="55.6839847" lon="12.5658073">
        <ele>46.8</ele>
        <time>2026-02-14T16:56:17Z</time>
        <hdop>5.4</hdop>
        <extensions>
          <osmand:provider>fused</osmand:provider>
          <osmand:speed>1.2</osmand:speed>
        </extensions>
      </trkpt>
      <trkpt lat="55.6840393" lon="12.5658757">
        <ele>46.9</ele>
        <time>2026-02-14T16:56:22Z</time>
        <hdop>5</hdop>
        <extensions>
          <osmand:provider>fused</osmand:provider>
          <osmand:speed>1.1</osmand:speed>
        </extensions>
      </trkpt>
      <trkpt lat="55.6841107" lon="12.56595">
        <ele>46.9</ele>
        <time>2026-02-14T16:56:28Z</time>
        <hdop>4.3</hdop>
        <extensions>
          <osmand:provider>fused</osmand:provider>
          <osmand:speed>1.1</osmand:speed>
        </extensions>
      </trkpt>
      <trkpt lat="55.6841761" lon="12.5660346">
        <ele>47</ele>
        <time>2026-02-14T16:56:33Z</time>
        <hdop>4.4</hdop>
        <extensions>
          <osmand:provider>fused</osmand:provider>
          <osmand:speed>1.1</osmand:speed>
        </extensions>
      </trkpt>
      <trkpt lat="55.6842438" lon="12.5660865">
        <ele>46.7</ele>
        <time>2026-02-14T16:56:38Z</time>
        <hdop>4.7</hdop>
        <extensions>
          <osmand:provider>fused</osmand:provider>
          <osmand:speed>1.1</osmand:speed>
        </extensions>
      </trkpt>
      <trkpt lat="55.6842971" lon="12.5661508">
        <ele>46.7</ele>
        <time>2026-02-14T16:56:44Z</time>
        <hdop>5.6</hdop>
        <extensions>
          <osmand:provider>fused</osmand:provider>
          <osmand:speed>1.2</osmand:speed>
        </extensions>
      </trkpt>
      <trkpt lat="55.6843589" lon="12.5662438">
        <ele>46.7</ele>
        <time>2026-02-14T16:56:49Z</time>
        <hdop>5.7</hdop>
        <extensions>
          <osmand:provider>fused</osmand:provider>
          <osmand:speed>1</osmand:speed>
        </extensions>
      </trkpt>
      <trkpt lat="55.684429" lon="12.5663196">
        <ele>46.6</ele>
        <time>2026-02-14T16:56:54Z</time>
        <hdop>5.4</hdop>
        <extensions>
          <osmand:provider>fused</osmand:provider>
          <osmand:speed>1.2</osmand:speed>
        </extensions>
      </trkpt>
      <trkpt lat="55.6844993" lon="12.5664068">
        <ele>46.6</ele>
        <time>2026-02-14T16:57:00Z</time>
        <hdop>5.1</hdop>
        <extensions>
          <osmand:provider>fused</osmand:provider>
          <osmand:speed>1.2</osmand:speed>
        </extensions>
      </trkpt>
      <trkpt lat="55.6845534" lon="12.5664761">
        <ele>46.5</ele>
        <time>2026-02-14T16:57:05Z</time>
        <hdop>4.5</hdop>
        <extensions>
          <osmand:provider>fused</osmand:provider>
          <osmand:speed>1.2</osmand:speed>
        </extensions>
      </trkpt>
      <trkpt lat="55.6845984" lon="12.5665276">
        <ele>46.5</ele>
        <time>2026-02-14T16:57:10Z</time>
        <hdop>4.2</hdop>
        <extensions>
          <osmand:provider>fused</osmand:provider>
          <osmand:speed>1.1</osmand:speed>
        </extensions>
      </trkpt>
      <trkpt lat="55.6846316" lon="12.566566">
        <ele>46.5</ele>
        <time>2026-02-14T16:57:15Z</time>
        <hdop>4</hdop>
        <extensions>
          <osmand:provider>fused</osmand:provider>
          <osmand:speed>1.2</osmand:speed>
        </extensions>
      </trkpt>
      <trkpt lat="55.6846848" lon="12.5666028">
        <ele>46.5</ele>
        <time>2026-02-14T16:57:20Z</time>
        <hdop>4.9</hdop>
        <extensions>
          <osmand:provider>fused</osmand:provider>
          <osmand:speed>1.1</osmand:speed>
        </extensions>
      </trkpt>
      <trkpt lat="55.6847434" lon="12.5666178">
        <ele>46.4</ele>
        <time>2026-02-14T16:57:26Z</time>
        <hdop>5.9</hdop>
        <extensions>
          <osmand:provider>fused</osmand:provider>
          <osmand:speed>1.1</osmand:speed>
        </extensions>
      </trkpt>
      <trkpt lat="55.6847647" lon="12.5666324">
        <ele>46.4</ele>
        <time>2026-02-14T16:57:31Z</time>
        <hdop>8.9</hdop>
        <extensions>
          <osmand:provider>fused</osmand:provider>
          <osmand:speed>1.1</osmand:speed>
        </extensions>
      </trkpt>
      <trkpt lat="55.6848122" lon="12.5666183">
        <ele>46.4</ele>
        <time>2026-02-14T16:57:36Z</time>
        <hdop>8.7</hdop>
        <extensions>
          <osmand:provider>fused</osmand:provider>
          <osmand:speed>1.1</osmand:speed>
        </extensions>
      </trkpt>
      <trkpt lat="55.6848367" lon="12.5666521">
        <ele>46.4</ele>
        <time>2026-02-14T16:57:41Z</time>
        <hdop>9.2</hdop>
        <extensions>
          <osmand:provider>fused</osmand:provider>
          <osmand:speed>0.9</osmand:speed>
        </extensions>
      </trkpt>
      <trkpt lat="55.6849076" lon="12.5667867">
        <ele>46.5</ele>
        <time>2026-02-14T16:57:47Z</time>
        <hdop>6.7</hdop>
        <extensions>
          <osmand:provider>fused</osmand:provider>
          <osmand:speed>1</osmand:speed>
        </extensions>
      </trkpt>
      <trkpt lat="55.6849659" lon="12.5668252">
        <ele>46.4</ele>
        <time>2026-02-14T16:57:52Z</time>
        <hdop>5.5</hdop>
        <extensions>
          <osmand:provider>fused</osmand:provider>
          <osmand:speed>1.1</osmand:speed>
        </extensions>
      </trkpt>
      <trkpt lat="55.6850045" lon="12.5668833">
        <ele>46.4</ele>
        <time>2026-02-14T16:57:57Z</time>
        <hdop>5.3</hdop>
        <extensions>
          <osmand:provider>fused</osmand:provider>
          <osmand:speed>1</osmand:speed>
        </extensions>
      </trkpt>
      <trkpt lat="55.6850655" lon="12.5669053">
        <ele>46.6</ele>
        <time>2026-02-14T16:58:03Z</time>
        <hdop>4.7</hdop>
        <extensions>
          <osmand:provider>fused</osmand:provider>
          <osmand:speed>1.1</osmand:speed>
        </extensions>
      </trkpt>
      <trkpt lat="55.6851106" lon="12.5669355">
        <ele>46.6</ele>
        <time>2026-02-14T16:58:08Z</time>
        <hdop>4.1</hdop>
        <extensions>
          <osmand:provider>fused</osmand:provider>
          <osmand:speed>1</osmand:speed>
        </extensions>
      </trkpt>
      <trkpt lat="55.685179" lon="12.5670138">
        <ele>46.8</ele>
        <time>2026-02-14T16:58:13Z</time>
        <hdop>4.6</hdop>
        <extensions>
          <osmand:provider>fused</osmand:provider>
          <osmand:speed>1.2</osmand:speed>
        </extensions>
      </trkpt>
      <trkpt lat="55.685234" lon="12.5670615">
        <ele>46.8</ele>
        <time>2026-02-14T16:58:19Z</time>
        <hdop>5.2</hdop>
        <extensions>
          <osmand:provider>fused</osmand:provider>
          <osmand:speed>0.9</osmand:speed>
        </extensions>
      </trkpt>
      <trkpt lat="55.6852868" lon="12.5671171">
        <ele>46.8</ele>
        <time>2026-02-14T16:58:24Z</time>
        <hdop>4.4</hdop>
        <extensions>
          <osmand:provider>fused</osmand:provider>
          <osmand:speed>1.1</osmand:speed>
        </extensions>
      </trkpt>
      <trkpt lat="55.68531" lon="12.5671189">
        <ele>46.8</ele>
        <time>2026-02-14T16:58:29Z</time>
        <hdop>4.1</hdop>
        <extensions>
          <osmand:provider>fused</osmand:provider>
          <osmand:speed>0.6</osmand:speed>
        </extensions>
      </trkpt>
      <trkpt lat="55.6853305" lon="12.5671459">
        <ele>46.7</ele>
        <time>2026-02-14T16:58:48Z</time>
        <hdop>3.9</hdop>
        <extensions>
          <osmand:provider>fused</osmand:provider>
          <osmand:speed>1</osmand:speed>
        </extensions>
      </trkpt>
      <trkpt lat="55.6854053" lon="12.567255">
        <ele>46.7</ele>
        <time>2026-02-14T16:58:54Z</time>
        <hdop>4.1</hdop>
        <extensions>
          <osmand:provider>fused</osmand:provider>
          <osmand:speed>1</osmand:speed>
        </extensions>
      </trkpt>
      <trkpt lat="55.6854485" lon="12.5673786">
        <ele>46.9</ele>
        <time>2026-02-14T16:58:59Z</time>
        <hdop>3.7</hdop>
        <extensions>
          <osmand:provider>fused</osmand:provider>
          <osmand:speed>1.1</osmand:speed>
        </extensions>
      </trkpt>
      <trkpt lat="55.6853888" lon="12.5675522">
        <ele>46.7</ele>
        <time>2026-02-14T16:59:04Z</time>
        <hdop>5.4</hdop>
        <extensions>
          <osmand:provider>fused</osmand:provider>
          <osmand:speed>1</osmand:speed>
        </extensions>
      </trkpt>
      <trkpt lat="55.6853293" lon="12.5676478">
        <ele>46.8</ele>
        <time>2026-02-14T16:59:09Z</time>
        <hdop>3.8</hdop>
        <extensions>
          <osmand:provider>fused</osmand:provider>
          <osmand:speed>1.2</osmand:speed>
        </extensions>
      </trkpt>
      <trkpt lat="55.6852791" lon="12.5677261">
        <ele>46.7</ele>
        <time>2026-02-14T16:59:14Z</time>
        <hdop>3.7</hdop>
        <extensions>
          <osmand:provider>fused</osmand:provider>
          <osmand:speed>1.1</osmand:speed>
        </extensions>
      </trkpt>
      <trkpt lat="55.6852451" lon="12.5677879">
        <ele>46.7</ele>
        <time>2026-02-14T16:59:19Z</time>
        <hdop>4</hdop>
        <extensions>
          <osmand:provider>fused</osmand:provider>
          <osmand:speed>0.9</osmand:speed>
        </extensions>
      </trkpt>
      <trkpt lat="55.6852183" lon="12.5677853">
        <ele>46.8</ele>
        <time>2026-02-14T16:59:25Z</time>
        <hdop>4</hdop>
        <extensions>
          <osmand:provider>fused</osmand:provider>
          <osmand:speed>0.4</osmand:speed>
        </extensions>
      </trkpt>
      <trkpt lat="55.6851733" lon="12.5676727">
        <ele>46.6</ele>
        <time>2026-02-14T17:00:00Z</time>
        <hdop>9.9</hdop>
        <extensions>
          <osmand:provider>fused</osmand:provider>
          <osmand:speed>0.4</osmand:speed>
        </extensions>
      </trkpt>
      <trkpt lat="55.6851909" lon="12.5676646">
        <ele>46.7</ele>
        <time>2026-02-14T17:00:17Z</time>
        <hdop>6.9</hdop>
        <extensions>
          <osmand:provider>fused</osmand:provider>
          <osmand:speed>1.8</osmand:speed>
        </extensions>
      </trkpt>
      <trkpt lat="55.685164" lon="12.5676824">
        <ele>46.8</ele>
        <time>2026-02-14T17:02:06Z</time>
        <hdop>10</hdop>
        <extensions>
          <osmand:provider>fused</osmand:provider>
          <osmand:speed>1.9</osmand:speed>
        </extensions>
      </trkpt>
      <trkpt lat="55.6851251" lon="12.5677222">
        <ele>46.8</ele>
        <time>2026-02-14T17:02:11Z</time>
        <hdop>9.9</hdop>
        <extensions>
          <osmand:provider>fused</osmand:provider>
          <osmand:speed>1.4</osmand:speed>
        </extensions>
      </trkpt>
      <trkpt lat="55.6850567" lon="12.5677269">
        <ele>46.8</ele>
        <time>2026-02-14T17:02:17Z</time>
        <hdop>9.9</hdop>
        <extensions>
          <osmand:provider>fused</osmand:provider>
          <osmand:speed>1.1</osmand:speed>
        </extensions>
      </trkpt>
      <trkpt lat="55.6851019" lon="12.5677292">
        <ele>46.8</ele>
        <time>2026-02-14T17:02:29Z</time>
        <hdop>9.9</hdop>
        <extensions>
          <osmand:provider>fused</osmand:provider>
          <osmand:speed>0.3</osmand:speed>
        </extensions>
      </trkpt>
      <trkpt lat="55.6852123" lon="12.5676072">
        <ele>46.8</ele>
        <time>2026-02-14T17:02:37Z</time>
        <hdop>11.4</hdop>
        <extensions>
          <osmand:provider>fused</osmand:provider>
          <osmand:speed>2.3</osmand:speed>
        </extensions>
      </trkpt>
      <trkpt lat="55.6854151" lon="12.5672926">
        <ele>46.6</ele>
        <time>2026-02-14T17:02:43Z</time>
        <hdop>11.3</hdop>
        <extensions>
          <osmand:provider>fused</osmand:provider>
          <osmand:speed>3.2</osmand:speed>
        </extensions>
      </trkpt>
      <trkpt lat="55.6854621" lon="12.5671239">
        <ele>46.6</ele>
        <time>2026-02-14T17:02:49Z</time>
        <hdop>10.1</hdop>
        <extensions>
          <osmand:provider>fused</osmand:provider>
          <osmand:speed>1.2</osmand:speed>
        </extensions>
      </trkpt>
      <trkpt lat="55.6856031" lon="12.5667758">
        <ele>46.6</ele>
        <time>2026-02-14T17:02:55Z</time>
        <hdop>11</hdop>
        <extensions>
          <osmand:provider>fused</osmand:provider>
          <osmand:speed>5.8</osmand:speed>
        </extensions>
      </trkpt>
      <trkpt lat="55.6858194" lon="12.5662821">
        <ele>46.6</ele>
        <time>2026-02-14T17:03:00Z</time>
        <hdop>11.6</hdop>
        <extensions>
          <osmand:provider>fused</osmand:provider>
          <osmand:speed>8.1</osmand:speed>
        </extensions>
      </trkpt>
      <trkpt lat="55.6859981" lon="12.5657905">
        <ele>46.8</ele>
        <time>2026-02-14T17:03:06Z</time>
        <hdop>10.8</hdop>
        <extensions>
          <osmand:provider>fused</osmand:provider>
          <osmand:speed>5.1</osmand:speed>
        </extensions>
      </trkpt>
      <trkpt lat="55.6860282" lon="12.5657376">
        <ele>46.3</ele>
        <time>2026-02-14T17:03:12Z</time>
        <hdop>10.9</hdop>
        <extensions>
          <osmand:provider>fused</osmand:provider>
          <osmand:speed>1.1</osmand:speed>
        </extensions>
      </trkpt>
      <trkpt lat="55.6860196" lon="12.565657">
        <ele>46.3</ele>
        <time>2026-02-14T17:03:47Z</time>
        <hdop>10.9</hdop>
        <extensions>
          <osmand:provider>fused</osmand:provider>
          <osmand:speed>1.8</osmand:speed>
        </extensions>
      </trkpt>
      <trkpt lat="55.6862257" lon="12.5651911">
        <ele>46.3</ele>
        <time>2026-02-14T17:03:53Z</time>
        <hdop>10.9</hdop>
        <extensions>
          <osmand:provider>fused</osmand:provider>
          <osmand:speed>6.6</osmand:speed>
        </extensions>
      </trkpt>
      <trkpt lat="55.6864638" lon="12.5645062">
        <ele>46.3</ele>
        <time>2026-02-14T17:03:59Z</time>
        <hdop>9.9</hdop>
        <extensions>
          <osmand:provider>fused</osmand:provider>
          <osmand:speed>8.8</osmand:speed>
        </extensions>
      </trkpt>
      <trkpt lat="55.6867431" lon="12.5637881">
        <ele>45.6</ele>
        <time>2026-02-14T17:04:05Z</time>
        <hdop>9.9</hdop>
        <extensions>
          <osmand:provider>fused</osmand:provider>
          <osmand:speed>9.9</osmand:speed>
        </extensions>
      </trkpt>
      <trkpt lat="55.6870046" lon="12.5631225">
        <ele>45.6</ele>
        <time>2026-02-14T17:04:10Z</time>
        <hdop>9.9</hdop>
        <extensions>
          <osmand:provider>fused</osmand:provider>
          <osmand:speed>9.8</osmand:speed>
        </extensions>
      </trkpt>
      <trkpt lat="55.6872964" lon="12.5624563">
        <ele>45.6</ele>
        <time>2026-02-14T17:04:16Z</time>
        <hdop>10</hdop>
        <extensions>
          <osmand:provider>fused</osmand:provider>
          <osmand:speed>8.4</osmand:speed>
        </extensions>
      </trkpt>
      <trkpt lat="55.6874894" lon="12.5618441">
        <ele>45.6</ele>
        <time>2026-02-14T17:04:22Z</time>
        <hdop>10.1</hdop>
        <extensions>
          <osmand:provider>fused</osmand:provider>
          <osmand:speed>6.3</osmand:speed>
        </extensions>
      </trkpt>
      <trkpt lat="55.6875227" lon="12.5617075">
        <ele>46.3</ele>
        <time>2026-02-14T17:04:27Z</time>
        <hdop>10.8</hdop>
        <extensions>
          <osmand:provider>fused</osmand:provider>
          <osmand:speed>0.4</osmand:speed>
        </extensions>
      </trkpt>
      <trkpt lat="55.6875302" lon="12.5615946">
        <ele>46.2</ele>
        <time>2026-02-14T17:04:51Z</time>
        <hdop>9.9</hdop>
        <extensions>
          <osmand:provider>fused</osmand:provider>
          <osmand:speed>4.1</osmand:speed>
        </extensions>
      </trkpt>
      <trkpt lat="55.6877167" lon="12.5611186">
        <ele>46.3</ele>
        <time>2026-02-14T17:04:56Z</time>
        <hdop>10.1</hdop>
        <extensions>
          <osmand:provider>fused</osmand:provider>
          <osmand:speed>6.9</osmand:speed>
        </extensions>
      </trkpt>
      <trkpt lat="55.6879523" lon="12.5605987">
        <ele>46.3</ele>
        <time>2026-02-14T17:05:02Z</time>
        <hdop>10</hdop>
        <extensions>
          <osmand:provider>fused</osmand:provider>
          <osmand:speed>7</osmand:speed>
        </extensions>
      </trkpt>
      <trkpt lat="55.6881555" lon="12.559937">
        <ele>46.3</ele>
        <time>2026-02-14T17:05:08Z</time>
        <hdop>10.6</hdop>
        <extensions>
          <osmand:provider>fused</osmand:provider>
          <osmand:speed>7.6</osmand:speed>
        </extensions>
      </trkpt>
      <trkpt lat="55.6884156" lon="12.5593612">
        <ele>46.9</ele>
        <time>2026-02-14T17:05:14Z</time>
        <hdop>10.8</hdop>
        <extensions>
          <osmand:provider>fused</osmand:provider>
          <osmand:speed>7.6</osmand:speed>
        </extensions>
      </trkpt>
      <trkpt lat="55.688641" lon="12.5587691">
        <ele>46.9</ele>
        <time>2026-02-14T17:05:20Z</time>
        <hdop>10.5</hdop>
        <extensions>
          <osmand:provider>fused</osmand:provider>
          <osmand:speed>7.1</osmand:speed>
        </extensions>
      </trkpt>
      <trkpt lat="55.6888207" lon="12.5582512">
        <ele>46.9</ele>
        <time>2026-02-14T17:05:26Z</time>
        <hdop>10.5</hdop>
        <extensions>
          <osmand:provider>fused</osmand:provider>
          <osmand:speed>5.7</osmand:speed>
        </extensions>
      </trkpt>
      <trkpt lat="55.6889014" lon="12.5580327">
        <ele>47.6</ele>
        <time>2026-02-14T17:05:32Z</time>
        <hdop>10.8</hdop>
        <extensions>
          <osmand:provider>fused</osmand:provider>
          <osmand:speed>1.2</osmand:speed>
        </extensions>
      </trkpt>
      <trkpt lat="55.6889337" lon="12.5579179">
        <ele>47.6</ele>
        <time>2026-02-14T17:06:20Z</time>
        <hdop>10.9</hdop>
        <extensions>
          <osmand:provider>fused</osmand:provider>
          <osmand:speed>2.4</osmand:speed>
        </extensions>
      </trkpt>
      <trkpt lat="55.6890766" lon="12.5574618">
        <ele>47.8</ele>
        <time>2026-02-14T17:06:26Z</time>
        <hdop>10.8</hdop>
        <extensions>
          <osmand:provider>fused</osmand:provider>
          <osmand:speed>6.2</osmand:speed>
        </extensions>
      </trkpt>
      <trkpt lat="55.6893006" lon="12.5568665">
        <ele>47.8</ele>
        <time>2026-02-14T17:06:32Z</time>
        <hdop>10.3</hdop>
        <extensions>
          <osmand:provider>fused</osmand:provider>
          <osmand:speed>7.6</osmand:speed>
        </extensions>
      </trkpt>
      <trkpt lat="55.689485" lon="12.5563709">
        <ele>47.8</ele>
        <time>2026-02-14T17:06:37Z</time>
        <hdop>10.8</hdop>
        <extensions>
          <osmand:provider>fused</osmand:provider>
          <osmand:speed>7.4</osmand:speed>
        </extensions>
      </trkpt>
      <trkpt lat="55.6897518" lon="12.5557906">
        <ele>47.8</ele>
        <time>2026-02-14T17:06:43Z</time>
        <hdop>11.2</hdop>
        <extensions>
          <osmand:provider>fused</osmand:provider>
          <osmand:speed>7.6</osmand:speed>
        </extensions>
      </trkpt>
      <trkpt lat="55.6900072" lon="12.555355">
        <ele>49.2</ele>
        <time>2026-02-14T17:06:48Z</time>
        <hdop>10.8</hdop>
        <extensions>
          <osmand:provider>fused</osmand:provider>
          <osmand:speed>7.8</osmand:speed>
        </extensions>
      </trkpt>
      <trkpt lat="55.6903169" lon="12.5549198">
        <ele>49.2</ele>
        <time>2026-02-14T17:06:54Z</time>
        <hdop>10.6</hdop>
        <extensions>
          <osmand:provider>fused</osmand:provider>
          <osmand:speed>7.2</osmand:speed>
        </extensions>
      </trkpt>
      <trkpt lat="55.6906139" lon="12.5545095">
        <ele>49.2</ele>
        <time>2026-02-14T17:07:00Z</time>
        <hdop>10.4</hdop>
        <extensions>
          <osmand:provider>fused</osmand:provider>
          <osmand:speed>5.5</osmand:speed>
        </extensions>
      </trkpt>
      <trkpt lat="55.6907171" lon="12.554377">
        <ele>49.9</ele>
        <time>2026-02-14T17:07:06Z</time>
        <hdop>10.6</hdop>
        <extensions>
          <osmand:provider>fused</osmand:provider>
          <osmand:speed>1</osmand:speed>
        </extensions>
      </trkpt>
      <trkpt lat="55.6907474" lon="12.5543543">
        <ele>53.7</ele>
        <time>2026-02-14T17:07:39Z</time>
        <hdop>9.9</hdop>
        <extensions>
          <osmand:provider>fused</osmand:provider>
          <osmand:speed>3.5</osmand:speed>
        </extensions>
      </trkpt>
      <trkpt lat="55.690975" lon="12.5539756">
        <ele>53.7</ele>
        <time>2026-02-14T17:07:45Z</time>
        <hdop>9.9</hdop>
        <extensions>
          <osmand:provider>fused</osmand:provider>
          <osmand:speed>5.4</osmand:speed>
        </extensions>
      </trkpt>
      <trkpt lat="55.6912831" lon="12.5535197">
        <ele>53.7</ele>
        <time>2026-02-14T17:07:51Z</time>
        <hdop>10</hdop>
        <extensions>
          <osmand:provider>fused</osmand:provider>
          <osmand:speed>7.3</osmand:speed>
        </extensions>
      </trkpt>
      <trkpt lat="55.6916114" lon="12.5530077">
        <ele>53.7</ele>
        <time>2026-02-14T17:07:57Z</time>
        <hdop>9.9</hdop>
        <extensions>
          <osmand:provider>fused</osmand:provider>
          <osmand:speed>7.8</osmand:speed>
        </extensions>
      </trkpt>
      <trkpt lat="55.6918945" lon="12.5525294">
        <ele>49.4</ele>
        <time>2026-02-14T17:08:03Z</time>
        <hdop>10</hdop>
        <extensions>
          <osmand:provider>fused</osmand:provider>
          <osmand:speed>6.8</osmand:speed>
        </extensions>
      </trkpt>
      <trkpt lat="55.6920896" lon="12.5522529">
        <ele>49.4</ele>
        <time>2026-02-14T17:08:09Z</time>
        <hdop>10</hdop>
        <extensions>
          <osmand:provider>fused</osmand:provider>
          <osmand:speed>3.2</osmand:speed>
        </extensions>
      </trkpt>
      <trkpt lat="55.6921294" lon="12.552185">
        <ele>48.9</ele>
        <time>2026-02-14T17:08:39Z</time>
        <hdop>9.9</hdop>
        <extensions>
          <osmand:provider>fused</osmand:provider>
          <osmand:speed>2.2</osmand:speed>
        </extensions>
      </trkpt>
      <trkpt lat="55.6922748" lon="12.5519761">
        <ele>48.7</ele>
        <time>2026-02-14T17:08:45Z</time>
        <hdop>9.9</hdop>
        <extensions>
          <osmand:provider>fused</osmand:provider>
          <osmand:speed>2.8</osmand:speed>
        </extensions>
      </trkpt>
      <trkpt lat="55.6924651" lon="12.5517164">
        <ele>48.7</ele>
        <time>2026-02-14T17:08:50Z</time>
        <hdop>10</hdop>
        <extensions>
          <osmand:provider>fused</osmand:provider>
          <osmand:speed>5.4</osmand:speed>
        </extensions>
      </trkpt>
      <trkpt lat="55.6927535" lon="12.5513264">
        <ele>48.7</ele>
        <time>2026-02-14T17:08:56Z</time>
        <hdop>10.1</hdop>
        <extensions>
          <osmand:provider>fused</osmand:provider>
          <osmand:speed>6.8</osmand:speed>
        </extensions>
      </trkpt>
      <trkpt lat="55.6930725" lon="12.5509717">
        <ele>48.7</ele>
        <time>2026-02-14T17:09:02Z</time>
        <hdop>10.3</hdop>
        <extensions>
          <osmand:provider>fused</osmand:provider>
          <osmand:speed>6.7</osmand:speed>
        </extensions>
      </trkpt>
      <trkpt lat="55.693399" lon="12.5504585">
        <ele>48.9</ele>
        <time>2026-02-14T17:09:08Z</time>
        <hdop>10.6</hdop>
        <extensions>
          <osmand:provider>fused</osmand:provider>
          <osmand:speed>7.8</osmand:speed>
        </extensions>
      </trkpt>
      <trkpt lat="55.6937008" lon="12.5499867">
        <ele>48.9</ele>
        <time>2026-02-14T17:09:14Z</time>
        <hdop>10.6</hdop>
        <extensions>
          <osmand:provider>fused</osmand:provider>
          <osmand:speed>7.2</osmand:speed>
        </extensions>
      </trkpt>
      <trkpt lat="55.6938834" lon="12.5496964">
        <ele>48.9</ele>
        <time>2026-02-14T17:09:20Z</time>
        <hdop>10.5</hdop>
        <extensions>
          <osmand:provider>fused</osmand:provider>
          <osmand:speed>3.8</osmand:speed>
        </extensions>
      </trkpt>
      <trkpt lat="55.6939114" lon="12.549715">
        <ele>48.7</ele>
        <time>2026-02-14T17:09:48Z</time>
        <hdop>9.3</hdop>
        <extensions>
          <osmand:provider>fused</osmand:provider>
          <osmand:speed>0.9</osmand:speed>
        </extensions>
      </trkpt>
      <trkpt lat="55.6939447" lon="12.5497549">
        <ele>48.5</ele>
        <time>2026-02-14T17:09:55Z</time>
        <hdop>3.8</hdop>
        <extensions>
          <osmand:provider>fused</osmand:provider>
          <osmand:speed>1.5</osmand:speed>
        </extensions>
      </trkpt>
      <trkpt lat="55.6940187" lon="12.5496701">
        <ele>48.2</ele>
        <time>2026-02-14T17:10:01Z</time>
        <hdop>3.8</hdop>
        <extensions>
          <osmand:provider>fused</osmand:provider>
          <osmand:speed>1.2</osmand:speed>
        </extensions>
      </trkpt>
      <trkpt lat="55.6940493" lon="12.5495501">
        <ele>48.2</ele>
        <time>2026-02-14T17:10:06Z</time>
        <hdop>4.4</hdop>
        <extensions>
          <osmand:provider>fused</osmand:provider>
          <osmand:speed>1.1</osmand:speed>
        </extensions>
      </trkpt>
      <trkpt lat="55.6940557" lon="12.5495055">
        <ele>48.2</ele>
        <time>2026-02-14T17:10:45Z</time>
        <hdop>3.3</hdop>
        <extensions>
          <osmand:provider>fused</osmand:provider>
          <osmand:speed>0.4</osmand:speed>
        </extensions>
      </trkpt>
      <trkpt lat="55.6940429" lon="12.5494301">
        <ele>48.4</ele>
        <time>2026-02-14T17:10:50Z</time>
        <hdop>3.7</hdop>
        <extensions>
          <osmand:provider>fused</osmand:provider>
          <osmand:speed>1</osmand:speed>
        </extensions>
      </trkpt>
      <trkpt lat="55.6940573" lon="12.5493269">
        <ele>48.4</ele>
        <time>2026-02-14T17:10:56Z</time>
        <hdop>5.2</hdop>
        <extensions>
          <osmand:provider>fused</osmand:provider>
          <osmand:speed>1.1</osmand:speed>
        </extensions>
      </trkpt>
      <trkpt lat="55.6941132" lon="12.5492615">
        <ele>48.4</ele>
        <time>2026-02-14T17:11:01Z</time>
        <hdop>6.5</hdop>
        <extensions>
          <osmand:provider>fused</osmand:provider>
          <osmand:speed>0.8</osmand:speed>
        </extensions>
      </trkpt>
      <trkpt lat="55.6941816" lon="12.549263">
        <ele>48.5</ele>
        <time>2026-02-14T17:11:07Z</time>
        <hdop>5</hdop>
        <extensions>
          <osmand:provider>fused</osmand:provider>
          <osmand:speed>0.9</osmand:speed>
        </extensions>
      </trkpt>
      <trkpt lat="55.6942641" lon="12.5492998">
        <ele>48.5</ele>
        <time>2026-02-14T17:11:12Z</time>
        <hdop>5.1</hdop>
        <extensions>
          <osmand:provider>fused</osmand:provider>
          <osmand:speed>1.2</osmand:speed>
        </extensions>
      </trkpt>
      <trkpt lat="55.6943341" lon="12.5493387">
        <ele>48.5</ele>
        <time>2026-02-14T17:11:17Z</time>
        <hdop>4.9</hdop>
        <extensions>
          <osmand:provider>fused</osmand:provider>
          <osmand:speed>1.2</osmand:speed>
        </extensions>
      </trkpt>
      <trkpt lat="55.6944123" lon="12.549361">
        <ele>48.9</ele>
        <time>2026-02-14T17:11:23Z</time>
        <hdop>4.4</hdop>
        <extensions>
          <osmand:provider>fused</osmand:provider>
          <osmand:speed>1</osmand:speed>
        </extensions>
      </trkpt>
      <trkpt lat="55.694474" lon="12.5493014">
        <ele>49</ele>
        <time>2026-02-14T17:11:28Z</time>
        <hdop>4.5</hdop>
        <extensions>
          <osmand:provider>fused</osmand:provider>
          <osmand:speed>1</osmand:speed>
        </extensions>
      </trkpt>
      <trkpt lat="55.6945116" lon="12.5493002">
        <ele>49</ele>
        <time>2026-02-14T17:11:33Z</time>
        <hdop>4.5</hdop>
        <extensions>
          <osmand:provider>fused</osmand:provider>
          <osmand:speed>0.9</osmand:speed>
        </extensions>
      </trkpt>
      <trkpt lat="55.694571" lon="12.5493536">
        <ele>49.2</ele>
        <time>2026-02-14T17:11:38Z</time>
        <hdop>5.1</hdop>
        <extensions>
          <osmand:provider>fused</osmand:provider>
          <osmand:speed>1.2</osmand:speed>
        </extensions>
      </trkpt>
      <trkpt lat="55.6946414" lon="12.5494234">
        <ele>49.2</ele>
        <time>2026-02-14T17:11:44Z</time>
        <hdop>5.4</hdop>
        <extensions>
          <osmand:provider>fused</osmand:provider>
          <osmand:speed>1.1</osmand:speed>
        </extensions>
      </trkpt>
      <trkpt lat="55.6947003" lon="12.5494777">
        <ele>49.1</ele>
        <time>2026-02-14T17:11:49Z</time>
        <hdop>6.1</hdop>
        <extensions>
          <osmand:provider>fused</osmand:provider>
          <osmand:speed>1.2</osmand:speed>
        </extensions>
      </trkpt>
      <trkpt lat="55.6947692" lon="12.5495398">
        <ele>49.1</ele>
        <time>2026-02-14T17:11:54Z</time>
        <hdop>5.6</hdop>
        <extensions>
          <osmand:provider>fused</osmand:provider>
          <osmand:speed>1.1</osmand:speed>
        </extensions>
      </trkpt>
      <trkpt lat="55.694806" lon="12.5495809">
        <ele>49.1</ele>
        <time>2026-02-14T17:12:00Z</time>
        <hdop>4.8</hdop>
        <extensions>
          <osmand:provider>fused</osmand:provider>
          <osmand:speed>1</osmand:speed>
        </extensions>
      </trkpt>
      <trkpt lat="55.6948501" lon="12.5496169">
        <ele>49.2</ele>
        <time>2026-02-14T17:12:05Z</time>
        <hdop>5.1</hdop>
        <extensions>
          <osmand:provider>fused</osmand:provider>
          <osmand:speed>0.8</osmand:speed>
        </extensions>
      </trkpt>
      <trkpt lat="55.6949" lon="12.5496425">
        <ele>49.3</ele>
        <time>2026-02-14T17:12:10Z</time>
        <hdop>6</hdop>
        <extensions>
          <osmand:provider>fused</osmand:provider>
          <osmand:speed>0.9</osmand:speed>
        </extensions>
      </trkpt>
      <trkpt lat="55.6949837" lon="12.5496861">
        <ele>49.3</ele>
        <time>2026-02-14T17:12:15Z</time>
        <hdop>6.2</hdop>
        <extensions>
          <osmand:provider>fused</osmand:provider>
          <osmand:speed>1.2</osmand:speed>
        </extensions>
      </trkpt>
      <trkpt lat="55.6950565" lon="12.5496918">
        <ele>49.6</ele>
        <time>2026-02-14T17:12:20Z</time>
        <hdop>5.3</hdop>
        <extensions>
          <osmand:provider>fused</osmand:provider>
          <osmand:speed>1.2</osmand:speed>
        </extensions>
      </trkpt>
      <trkpt lat="55.6951017" lon="12.5497398">
        <ele>49.6</ele>
        <time>2026-02-14T17:12:26Z</time>
        <hdop>5.5</hdop>
        <extensions>
          <osmand:provider>fused</osmand:provider>
          <osmand:speed>1.1</osmand:speed>
        </extensions>
      </trkpt>
      <trkpt lat="55.6951362" lon="12.5497889">
        <ele>49.3</ele>
        <time>2026-02-14T17:12:31Z</time>
        <hdop>4.7</hdop>
        <extensions>
          <osmand:provider>fused</osmand:provider>
          <osmand:speed>1.2</osmand:speed>
        </extensions>
      </trkpt>
      <trkpt lat="55.6951777" lon="12.5498744">
        <ele>49.6</ele>
        <time>2026-02-14T17:12:37Z</time>
        <hdop>4.5</hdop>
        <extensions>
          <osmand:provider>fused</osmand:provider>
          <osmand:speed>1.3</osmand:speed>
        </extensions>
      </trkpt>
      <trkpt lat="55.6952167" lon="12.5499554">
        <ele>49.6</ele>
        <time>2026-02-14T17:12:42Z</time>
        <hdop>4.4</hdop>
        <extensions>
          <osmand:provider>fused</osmand:provider>
          <osmand:speed>1.2</osmand:speed>
        </extensions>
      </trkpt>
      <trkpt lat="55.69526" lon="12.5500291">
        <ele>49.5</ele>
        <time>2026-02-14T17:12:47Z</time>
        <hdop>4.2</hdop>
        <extensions>
          <osmand:provider>fused</osmand:provider>
          <osmand:speed>1.2</osmand:speed>
        </extensions>
      </trkpt>
      <trkpt lat="55.695303" lon="12.5501032">
        <ele>49.5</ele>
        <time>2026-02-14T17:12:52Z</time>
        <hdop>3.9</hdop>
        <extensions>
          <osmand:provider>fused</osmand:provider>
          <osmand:speed>1.2</osmand:speed>
        </extensions>
      </trkpt>
      <trkpt lat="55.6953413" lon="12.5501628">
        <ele>49.5</ele>
        <time>2026-02-14T17:12:58Z</time>
        <hdop>3.9</hdop>
        <extensions>
          <osmand:provider>fused</osmand:provider>
          <osmand:speed>1.1</osmand:speed>
        </extensions>
      </trkpt>
      <trkpt lat="55.6953909" lon="12.5502302">
        <ele>49.7</ele>
        <time>2026-02-14T17:13:03Z</time>
        <hdop>4.1</hdop>
        <extensions>
          <osmand:provider>fused</osmand:provider>
          <osmand:speed>1.1</osmand:speed>
        </extensions>
      </trkpt>
      <trkpt lat="55.6954391" lon="12.5502928">
        <ele>49.7</ele>
        <time>2026-02-14T17:13:08Z</time>
        <hdop>3.8</hdop>
        <extensions>
          <osmand:provider>fused</osmand:provider>
          <osmand:speed>1.2</osmand:speed>
        </extensions>
      </trkpt>
      <trkpt lat="55.6954879" lon="12.5503595">
        <ele>49.7</ele>
        <time>2026-02-14T17:13:14Z</time>
        <hdop>3.8</hdop>
        <extensions>
          <osmand:provider>fused</osmand:provider>
          <osmand:speed>1.2</osmand:speed>
        </extensions>
      </trkpt>
      <trkpt lat="55.6955326" lon="12.5504234">
        <ele>50.1</ele>
        <time>2026-02-14T17:13:19Z</time>
        <hdop>3.1</hdop>
        <extensions>
          <osmand:provider>fused</osmand:provider>
          <osmand:speed>1.1</osmand:speed>
        </extensions>
      </trkpt>
      <trkpt lat="55.6955935" lon="12.5505051">
        <ele>50.1</ele>
        <time>2026-02-14T17:13:24Z</time>
        <hdop>4.1</hdop>
        <extensions>
          <osmand:provider>fused</osmand:provider>
          <osmand:speed>1.3</osmand:speed>
        </extensions>
      </trkpt>
      <trkpt lat="55.6956462" lon="12.55057">
        <ele>50.1</ele>
        <time>2026-02-14T17:13:29Z</time>
        <hdop>4.5</hdop>
        <extensions>
          <osmand:provider>fused</osmand:provider>
          <osmand:speed>1.2</osmand:speed>
        </extensions>
      </trkpt>
      <trkpt lat="55.6956633" lon="12.5506734">
        <ele>50.1</ele>
        <time>2026-02-14T17:13:35Z</time>
        <hdop>4.1</hdop>
        <extensions>
          <osmand:provider>fused</osmand:provider>
          <osmand:speed>1.2</osmand:speed>
        </extensions>
      </trkpt>
      <trkpt lat="55.6957044" lon="12.5506968">
        <ele>50.1</ele>
        <time>2026-02-14T17:13:40Z</time>
        <hdop>5</hdop>
        <extensions>
          <osmand:provider>fused</osmand:provider>
          <osmand:speed>0.9</osmand:speed>
        </extensions>
      </trkpt>
      <trkpt lat="55.6957294" lon="12.5507987">
        <ele>50.2</ele>
        <time>2026-02-14T17:13:45Z</time>
        <hdop>5.6</hdop>
        <extensions>
          <osmand:provider>fused</osmand:provider>
          <osmand:speed>1</osmand:speed>
        </extensions>
      </trkpt>
      <trkpt lat="55.6957678" lon="12.5508772">
        <ele>50.2</ele>
        <time>2026-02-14T17:13:51Z</time>
        <hdop>5.5</hdop>
        <extensions>
          <osmand:provider>fused</osmand:provider>
          <osmand:speed>1</osmand:speed>
        </extensions>
      </trkpt>
      <trkpt lat="55.6957737" lon="12.5509333">
        <ele>50.2</ele>
        <time>2026-02-14T17:13:56Z</time>
        <hdop>5.1</hdop>
        <extensions>
          <osmand:provider>fused</osmand:provider>
          <osmand:speed>1</osmand:speed>
        </extensions>
      </trkpt>
      <trkpt lat="55.6957605" lon="12.5510196">
        <ele>50.2</ele>
        <time>2026-02-14T17:14:01Z</time>
        <hdop>4.9</hdop>
        <extensions>
          <osmand:provider>fused</osmand:provider>
          <osmand:speed>1.1</osmand:speed>
        </extensions>
      </trkpt>
      <trkpt lat="55.6957238" lon="12.5510471">
        <ele>50.2</ele>
        <time>2026-02-14T17:14:07Z</time>
        <hdop>4.5</hdop>
        <extensions>
          <osmand:provider>fused</osmand:provider>
          <osmand:speed>1</osmand:speed>
        </extensions>
      </trkpt>
      <trkpt lat="55.6957514" lon="12.5510251">
        <ele>50.2</ele>
        <time>2026-02-14T17:14:43Z</time>
        <hdop>5.9</hdop>
        <extensions>
          <osmand:provider>fused</osmand:provider>
          <osmand:speed>0.3</osmand:speed>
        </extensions>
      </trkpt>
      <trkpt lat="55.6957276" lon="12.5510619">
        <ele>50.2</ele>
        <time>2026-02-14T17:16:30Z</time>
        <hdop>22.6</hdop>
        <extensions>
          <osmand:provider>fused</osmand:provider>
          <osmand:speed>0.6</osmand:speed>
        </extensions>
      </trkpt>
      <trkpt lat="55.6957643" lon="12.551131">
        <ele>50.2</ele>
        <time>2026-02-14T17:16:36Z</time>
        <hdop>13.2</hdop>
        <extensions>
          <osmand:provider>fused</osmand:provider>
          <osmand:speed>0.6</osmand:speed>
        </extensions>
      </trkpt>
      <trkpt lat="55.6957647" lon="12.5511677">
        <ele>50.2</ele>
        <time>2026-02-14T17:16:48Z</time>
        <hdop>9.4</hdop>
        <extensions>
          <osmand:provider>fused</osmand:provider>
          <osmand:speed>0.7</osmand:speed>
        </extensions>
      </trkpt>
      <trkpt lat="55.6957521" lon="12.5512345">
        <ele>50.2</ele>
        <time>2026-02-14T17:17:13Z</time>
        <hdop>7.4</hdop>
        <extensions>
          <osmand:provider>fused</osmand:provider>
          <osmand:speed>0.3</osmand:speed>
        </extensions>
      </trkpt>
      <trkpt lat="55.695738" lon="12.5512557">
        <ele>50.2</ele>
        <time>2026-02-14T17:17:19Z</time>
        <hdop>7</hdop>
        <extensions>
          <osmand:provider>fused</osmand:provider>
          <osmand:speed>0.4</osmand:speed>
        </extensions>
      </trkpt>
      <trkpt lat="55.6957016" lon="12.5512239">
        <ele>50.2</ele>
        <time>2026-02-14T17:17:24Z</time>
        <hdop>6.8</hdop>
        <extensions>
          <osmand:provider>fused</osmand:provider>
          <osmand:speed>0.9</osmand:speed>
        </extensions>
      </trkpt>
      <trkpt lat="55.6957508" lon="12.5512211">
        <ele>50.2</ele>
        <time>2026-02-14T17:17:44Z</time>
        <hdop>6.5</hdop>
        <extensions>
          <osmand:provider>fused</osmand:provider>
          <osmand:speed>0.5</osmand:speed>
        </extensions>
      </trkpt>
      <trkpt lat="55.6957577" lon="12.5511876">
        <ele>50.2</ele>
        <time>2026-02-14T17:17:51Z</time>
        <hdop>7.5</hdop>
        <extensions>
          <osmand:provider>fused</osmand:provider>
          <osmand:speed>0.7</osmand:speed>
        </extensions>
      </trkpt>
      <trkpt lat="55.6957332" lon="12.5511635">
        <ele>50.2</ele>
        <time>2026-02-14T17:18:25Z</time>
        <hdop>10.1</hdop>
        <extensions>
          <osmand:provider>fused</osmand:provider>
          <osmand:speed>0.8</osmand:speed>
        </extensions>
      </trkpt>
      <trkpt lat="55.6957218" lon="12.5511369">
        <ele>50.2</ele>
        <time>2026-02-14T17:18:43Z</time>
        <hdop>7.2</hdop>
        <extensions>
          <osmand:provider>fused</osmand:provider>
          <osmand:speed>0.4</osmand:speed>
        </extensions>
      </trkpt>
      <trkpt lat="55.6957335" lon="12.5510606">
        <ele>50.3</ele>
        <time>2026-02-14T17:18:49Z</time>
        <hdop>7.2</hdop>
        <extensions>
          <osmand:provider>fused</osmand:provider>
          <osmand:speed>0.3</osmand:speed>
        </extensions>
      </trkpt>
      <trkpt lat="55.6958107" lon="12.550864">
        <ele>50.2</ele>
        <time>2026-02-14T17:19:44Z</time>
        <hdop>12.6</hdop>
        <extensions>
          <osmand:provider>fused</osmand:provider>
          <osmand:speed>0.4</osmand:speed>
        </extensions>
      </trkpt>
      <trkpt lat="55.69577" lon="12.5508861">
        <ele>50.2</ele>
        <time>2026-02-14T17:19:52Z</time>
        <hdop>6.4</hdop>
        <extensions>
          <osmand:provider>fused</osmand:provider>
          <osmand:speed>0.3</osmand:speed>
        </extensions>
      </trkpt>
      <trkpt lat="55.6957502" lon="12.5508858">
        <ele>50.2</ele>
        <time>2026-02-14T17:20:01Z</time>
        <hdop>6.9</hdop>
        <extensions>
          <osmand:provider>fused</osmand:provider>
          <osmand:speed>0.3</osmand:speed>
        </extensions>
      </trkpt>
      <trkpt lat="55.6957067" lon="12.5509">
        <ele>50.2</ele>
        <time>2026-02-14T17:20:06Z</time>
        <hdop>8.5</hdop>
        <extensions>
          <osmand:provider>fused</osmand:provider>
          <osmand:speed>0.7</osmand:speed>
        </extensions>
      </trkpt>
      <trkpt lat="55.6956445" lon="12.5508039">
        <ele>50.2</ele>
        <time>2026-02-14T17:20:12Z</time>
        <hdop>9.5</hdop>
        <extensions>
          <osmand:provider>fused</osmand:provider>
          <osmand:speed>1.2</osmand:speed>
        </extensions>
      </trkpt>
      <trkpt lat="55.6955533" lon="12.5507276">
        <ele>50.2</ele>
        <time>2026-02-14T17:20:18Z</time>
        <hdop>14.1</hdop>
        <extensions>
          <osmand:provider>fused</osmand:provider>
          <osmand:speed>1.5</osmand:speed>
        </extensions>
      </trkpt>
      <trkpt lat="55.6956836" lon="12.5508461">
        <ele>50.2</ele>
        <time>2026-02-14T17:21:00Z</time>
        <hdop>10.8</hdop>
        <extensions>
          <osmand:provider>fused</osmand:provider>
          <osmand:speed>0.3</osmand:speed>
        </extensions>
      </trkpt>
      <trkpt lat="55.6956829" lon="12.5508083">
        <ele>50.2</ele>
        <time>2026-02-14T17:21:38Z</time>
        <hdop>11.9</hdop>
        <extensions>
          <osmand:provider>fused</osmand:provider>
          <osmand:speed>0.6</osmand:speed>
        </extensions>
      </trkpt>
      <trkpt lat="55.6956999" lon="12.550823">
        <ele>50.2</ele>
        <time>2026-02-14T17:22:53Z</time>
        <hdop>7.4</hdop>
        <extensions>
          <osmand:provider>fused</osmand:provider>
          <osmand:speed>0.4</osmand:speed>
        </extensions>
      </trkpt>
      <trkpt lat="55.6957078" lon="12.5506881">
        <ele>50.1</ele>
        <time>2026-02-14T17:22:58Z</time>
        <hdop>9.8</hdop>
        <extensions>
          <osmand:provider>fused</osmand:provider>
          <osmand:speed>1</osmand:speed>
        </extensions>
      </trkpt>
      <trkpt lat="55.6957038" lon="12.5505931">
        <ele>50.1</ele>
        <time>2026-02-14T17:23:04Z</time>
        <hdop>8</hdop>
        <extensions>
          <osmand:provider>fused</osmand:provider>
          <osmand:speed>1</osmand:speed>
        </extensions>
      </trkpt>
      <trkpt lat="55.6957775" lon="12.5505818">
        <ele>50.1</ele>
        <time>2026-02-14T17:23:09Z</time>
        <hdop>8.9</hdop>
        <extensions>
          <osmand:provider>fused</osmand:provider>
          <osmand:speed>1.1</osmand:speed>
        </extensions>
      </trkpt>
      <trkpt lat="55.6958534" lon="12.5507604">
        <ele>50.2</ele>
        <time>2026-02-14T17:23:14Z</time>
        <hdop>7.6</hdop>
        <extensions>
          <osmand:provider>fused</osmand:provider>
          <osmand:speed>1.1</osmand:speed>
        </extensions>
      </trkpt>
      <trkpt lat="55.6958992" lon="12.5508274">
        <ele>50.2</ele>
        <time>2026-02-14T17:23:20Z</time>
        <hdop>5.7</hdop>
        <extensions>
          <osmand:provider>fused</osmand:provider>
          <osmand:speed>1.2</osmand:speed>
        </extensions>
      </trkpt>
      <trkpt lat="55.6958928" lon="12.5508736">
        <ele>50.2</ele>
        <time>2026-02-14T17:23:25Z</time>
        <hdop>5.6</hdop>
        <extensions>
          <osmand:provider>fused</osmand:provider>
          <osmand:speed>0.8</osmand:speed>
        </extensions>
      </trkpt>
      <trkpt lat="55.6958776" lon="12.5508413">
        <ele>50.2</ele>
        <time>2026-02-14T17:23:32Z</time>
        <hdop>3.9</hdop>
        <extensions>
          <osmand:provider>fused</osmand:provider>
          <osmand:speed>0.3</osmand:speed>
        </extensions>
      </trkpt>
      <trkpt lat="55.695898" lon="12.5508377">
        <ele>50.2</ele>
        <time>2026-02-14T17:23:46Z</time>
        <hdop>3.5</hdop>
        <extensions>
          <osmand:provider>fused</osmand:provider>
          <osmand:speed>0.8</osmand:speed>
        </extensions>
      </trkpt>
      <trkpt lat="55.6958385" lon="12.5508833">
        <ele>60.8</ele>
        <time>2026-02-14T17:24:14Z</time>
        <hdop>20.9</hdop>
        <extensions>
          <osmand:provider>fused</osmand:provider>
          <osmand:speed>0.3</osmand:speed>
        </extensions>
      </trkpt>
      <trkpt lat="55.6958759" lon="12.5507255">
        <ele>50.2</ele>
        <time>2026-02-14T17:24:24Z</time>
        <hdop>17</hdop>
        <extensions>
          <osmand:provider>fused</osmand:provider>
          <osmand:speed>5.5</osmand:speed>
        </extensions>
      </trkpt>
      <trkpt lat="55.6958779" lon="12.5506569">
        <ele>50.2</ele>
        <time>2026-02-14T17:24:37Z</time>
        <hdop>13.7</hdop>
        <extensions>
          <osmand:provider>fused</osmand:provider>
          <osmand:speed>0.3</osmand:speed>
        </extensions>
      </trkpt>
      <trkpt lat="55.6958461" lon="12.5507706">
        <ele>60.8</ele>
        <time>2026-02-14T17:25:05Z</time>
        <hdop>23.1</hdop>
        <extensions>
          <osmand:provider>fused</osmand:provider>
          <osmand:speed>0.4</osmand:speed>
        </extensions>
      </trkpt>
      <trkpt lat="55.6958636" lon="12.550736">
        <ele>60.8</ele>
        <time>2026-02-14T17:25:11Z</time>
        <hdop>23.6</hdop>
        <extensions>
          <osmand:provider>fused</osmand:provider>
          <osmand:speed>0.5</osmand:speed>
        </extensions>
      </trkpt>
      <trkpt lat="55.695819" lon="12.5508146">
        <ele>50.2</ele>
        <time>2026-02-14T17:25:51Z</time>
        <hdop>7.9</hdop>
        <extensions>
          <osmand:provider>fused</osmand:provider>
          <osmand:speed>0.3</osmand:speed>
        </extensions>
      </trkpt>
      <trkpt lat="55.6958111" lon="12.5508437">
        <ele>57.8</ele>
        <time>2026-02-14T17:26:00Z</time>
        <hdop>7.7</hdop>
        <extensions>
          <osmand:provider>fused</osmand:provider>
          <osmand:speed>0.5</osmand:speed>
        </extensions>
      </trkpt>
      <trkpt lat="55.6958734" lon="12.5507782">
        <ele>57.6</ele>
        <time>2026-02-14T17:27:23Z</time>
        <hdop>15.1</hdop>
        <extensions>
          <osmand:provider>fused</osmand:provider>
          <osmand:speed>0.4</osmand:speed>
        </extensions>
      </trkpt>
      <trkpt lat="55.6958414" lon="12.5507805">
        <ele>54.5</ele>
        <time>2026-02-14T17:28:00Z</time>
        <hdop>17.2</hdop>
        <extensions>
          <osmand:provider>fused</osmand:provider>
          <osmand:speed>0.5</osmand:speed>
        </extensions>
      </trkpt>
      <trkpt lat="55.6958527" lon="12.5507519">
        <ele>54.6</ele>
        <time>2026-02-14T17:28:22Z</time>
        <hdop>16.2</hdop>
        <extensions>
          <osmand:provider>fused</osmand:provider>
          <osmand:speed>1.2</osmand:speed>
        </extensions>
      </trkpt>
      <trkpt lat="55.6958538" lon="12.5507179">
        <ele>57.5</ele>
        <time>2026-02-14T17:28:30Z</time>
        <hdop>15.9</hdop>
        <extensions>
          <osmand:provider>fused</osmand:provider>
          <osmand:speed>0.3</osmand:speed>
        </extensions>
      </trkpt>
      <trkpt lat="55.6958516" lon="12.5507754">
        <ele>50.2</ele>
        <time>2026-02-14T17:28:36Z</time>
        <hdop>16.8</hdop>
        <extensions>
          <osmand:provider>fused</osmand:provider>
          <osmand:speed>1.4</osmand:speed>
        </extensions>
      </trkpt>
      <trkpt lat="55.6958778" lon="12.5507682">
        <ele>57.6</ele>
        <time>2026-02-14T17:28:50Z</time>
        <hdop>16.9</hdop>
        <extensions>
          <osmand:provider>fused</osmand:provider>
          <osmand:speed>0.5</osmand:speed>
        </extensions>
      </trkpt>
      <trkpt lat="55.6958488" lon="12.5507434">
        <ele>57.8</ele>
        <time>2026-02-14T17:29:49Z</time>
        <hdop>7.4</hdop>
        <extensions>
          <osmand:provider>fused</osmand:provider>
          <osmand:speed>0.3</osmand:speed>
        </extensions>
      </trkpt>
    </trkseg>
  </trk>
</gpx>